action,search_n_nodes,search_depth,n_calls,n_call_dict,n_sol,env_name,seed
3,1,1,1.0,"{0: 0, 1: 1}",1,Env1D0,0
3,1,1,1.0,"{0: 0, 1: 1}",1,Env1D0,0
3,1,1,1.0,"{0: 0, 1: 1}",1,Env1D0,0
3,1,1,1.0,"{0: 0, 1: 1}",1,Env1D0,0
3,1,1,1.0,"{0: 0, 1: 1}",1,Env1D0,0
2,1,1,1.0,"{0: 0, 1: 1}",1,Env1D0,0
2,1,1,1.0,"{0: 0, 1: 1}",1,Env1D0,0
2,1,1,1.0,"{0: 0, 1: 1}",1,Env1D0,0
2,1,1,1.0,"{0: 0, 1: 1}",1,Env1D0,0
3,1,1,1.0,"{0: 0, 1: 1}",1,Env1D1,0
3,1,1,1.0,"{0: 0, 1: 1}",1,Env1D1,0
3,1,1,1.0,"{0: 0, 1: 1}",1,Env1D1,0
3,1,1,1.0,"{0: 0, 1: 1}",1,Env1D1,0
3,1,1,1.0,"{0: 0, 1: 1}",1,Env1D1,0
2,1,1,1.0,"{0: 0, 1: 1}",1,Env1D1,0
2,1,1,1.0,"{0: 0, 1: 1}",1,Env1D1,0
2,1,1,1.0,"{0: 0, 1: 1}",1,Env1D1,0
2,1,1,1.0,"{0: 0, 1: 1}",1,Env1D1,0
1,161,2,166.0,"{0: 0, 1: 153, 2: 13}",1,Env2D0,0
1,161,2,166.0,"{0: 0, 1: 153, 2: 13}",1,Env2D0,0
1,161,2,166.0,"{0: 0, 1: 153, 2: 13}",1,Env2D0,0
3,161,2,166.0,"{0: 0, 1: 153, 2: 13}",1,Env2D0,0
2,161,2,166.0,"{0: 0, 1: 153, 2: 13}",1,Env2D0,0
2,161,2,166.0,"{0: 0, 1: 153, 2: 13}",1,Env2D0,0
2,161,2,166.0,"{0: 0, 1: 153, 2: 13}",1,Env2D0,0
2,161,2,166.0,"{0: 0, 1: 153, 2: 13}",1,Env2D0,0
2,161,2,166.0,"{0: 0, 1: 153, 2: 13}",1,Env2D0,0
3,161,2,166.0,"{0: 0, 1: 153, 2: 13}",1,Env2D0,0
2,161,2,166.0,"{0: 0, 1: 153, 2: 13}",1,Env2D0,0
4,161,2,166.0,"{0: 0, 1: 153, 2: 13}",1,Env2D0,0
4,161,2,166.0,"{0: 0, 1: 153, 2: 13}",1,Env2D0,0
1,161,2,166.0,"{0: 0, 1: 153, 2: 13}",1,Env2D0,0
4,161,2,166.0,"{0: 0, 1: 153, 2: 13}",1,Env2D0,0
2,161,2,166.0,"{0: 0, 1: 153, 2: 13}",1,Env2D0,0
4,161,2,166.0,"{0: 0, 1: 153, 2: 13}",1,Env2D0,0
4,161,2,166.0,"{0: 0, 1: 153, 2: 13}",1,Env2D0,0
2,161,2,166.0,"{0: 0, 1: 153, 2: 13}",1,Env2D0,0
2,161,2,166.0,"{0: 0, 1: 153, 2: 13}",1,Env2D0,0
1,272,2,277.0,"{0: 0, 1: 239, 2: 38}",1,Env2D1,0
1,272,2,277.0,"{0: 0, 1: 239, 2: 38}",1,Env2D1,0
1,272,2,277.0,"{0: 0, 1: 239, 2: 38}",1,Env2D1,0
3,272,2,277.0,"{0: 0, 1: 239, 2: 38}",1,Env2D1,0
2,272,2,277.0,"{0: 0, 1: 239, 2: 38}",1,Env2D1,0
2,272,2,277.0,"{0: 0, 1: 239, 2: 38}",1,Env2D1,0
2,272,2,277.0,"{0: 0, 1: 239, 2: 38}",1,Env2D1,0
2,272,2,277.0,"{0: 0, 1: 239, 2: 38}",1,Env2D1,0
3,272,2,277.0,"{0: 0, 1: 239, 2: 38}",1,Env2D1,0
2,272,2,277.0,"{0: 0, 1: 239, 2: 38}",1,Env2D1,0
4,272,2,277.0,"{0: 0, 1: 239, 2: 38}",1,Env2D1,0
4,272,2,277.0,"{0: 0, 1: 239, 2: 38}",1,Env2D1,0
1,272,2,277.0,"{0: 0, 1: 239, 2: 38}",1,Env2D1,0
4,272,2,277.0,"{0: 0, 1: 239, 2: 38}",1,Env2D1,0
2,272,2,277.0,"{0: 0, 1: 239, 2: 38}",1,Env2D1,0
2,272,2,277.0,"{0: 0, 1: 239, 2: 38}",1,Env2D1,0
4,272,2,277.0,"{0: 0, 1: 239, 2: 38}",1,Env2D1,0
4,272,2,277.0,"{0: 0, 1: 239, 2: 38}",1,Env2D1,0
2,272,2,277.0,"{0: 0, 1: 239, 2: 38}",1,Env2D1,0
2,272,2,277.0,"{0: 0, 1: 239, 2: 38}",1,Env2D1,0
3,6600,3,6892.0,"{0: 0, 1: 202, 2: 6187, 3: 503}",1,Env3D0,0
3,6600,3,6892.0,"{0: 0, 1: 202, 2: 6187, 3: 503}",1,Env3D0,0
3,6600,3,6892.0,"{0: 0, 1: 202, 2: 6187, 3: 503}",1,Env3D0,0
1,6600,3,6892.0,"{0: 0, 1: 202, 2: 6187, 3: 503}",1,Env3D0,0
3,6600,3,6892.0,"{0: 0, 1: 202, 2: 6187, 3: 503}",1,Env3D0,0
3,6600,3,6892.0,"{0: 0, 1: 202, 2: 6187, 3: 503}",1,Env3D0,0
2,6600,3,6892.0,"{0: 0, 1: 202, 2: 6187, 3: 503}",1,Env3D0,0
3,6600,3,6892.0,"{0: 0, 1: 202, 2: 6187, 3: 503}",1,Env3D0,0
1,6600,3,6892.0,"{0: 0, 1: 202, 2: 6187, 3: 503}",1,Env3D0,0
4,6600,3,6892.0,"{0: 0, 1: 202, 2: 6187, 3: 503}",1,Env3D0,0
4,6600,3,6892.0,"{0: 0, 1: 202, 2: 6187, 3: 503}",1,Env3D0,0
4,6600,3,6892.0,"{0: 0, 1: 202, 2: 6187, 3: 503}",1,Env3D0,0
4,6600,3,6892.0,"{0: 0, 1: 202, 2: 6187, 3: 503}",1,Env3D0,0
4,6600,3,6892.0,"{0: 0, 1: 202, 2: 6187, 3: 503}",1,Env3D0,0
2,6600,3,6892.0,"{0: 0, 1: 202, 2: 6187, 3: 503}",1,Env3D0,0
2,6600,3,6892.0,"{0: 0, 1: 202, 2: 6187, 3: 503}",1,Env3D0,0
3,6600,3,6892.0,"{0: 0, 1: 202, 2: 6187, 3: 503}",1,Env3D0,0
3,6600,3,6892.0,"{0: 0, 1: 202, 2: 6187, 3: 503}",1,Env3D0,0
3,6600,3,6892.0,"{0: 0, 1: 202, 2: 6187, 3: 503}",1,Env3D0,0
2,6600,3,6892.0,"{0: 0, 1: 202, 2: 6187, 3: 503}",1,Env3D0,0
3,6600,3,6892.0,"{0: 0, 1: 202, 2: 6187, 3: 503}",1,Env3D0,0
1,6600,3,6892.0,"{0: 0, 1: 202, 2: 6187, 3: 503}",1,Env3D0,0
1,6600,3,6892.0,"{0: 0, 1: 202, 2: 6187, 3: 503}",1,Env3D0,0
1,6600,3,6892.0,"{0: 0, 1: 202, 2: 6187, 3: 503}",1,Env3D0,0
3,6600,3,6892.0,"{0: 0, 1: 202, 2: 6187, 3: 503}",1,Env3D0,0
2,6600,3,6892.0,"{0: 0, 1: 202, 2: 6187, 3: 503}",1,Env3D0,0
2,6600,3,6892.0,"{0: 0, 1: 202, 2: 6187, 3: 503}",1,Env3D0,0
3,6600,3,6892.0,"{0: 0, 1: 202, 2: 6187, 3: 503}",1,Env3D0,0
2,6600,3,6892.0,"{0: 0, 1: 202, 2: 6187, 3: 503}",1,Env3D0,0
2,6600,3,6892.0,"{0: 0, 1: 202, 2: 6187, 3: 503}",1,Env3D0,0
2,6600,3,6892.0,"{0: 0, 1: 202, 2: 6187, 3: 503}",1,Env3D0,0
2,6600,3,6892.0,"{0: 0, 1: 202, 2: 6187, 3: 503}",1,Env3D0,0
2,6600,3,6892.0,"{0: 0, 1: 202, 2: 6187, 3: 503}",1,Env3D0,0
3,18918,3,19337.0,"{0: 0, 1: 306, 2: 16790, 3: 2241}",1,Env3D1,0
3,18918,3,19337.0,"{0: 0, 1: 306, 2: 16790, 3: 2241}",1,Env3D1,0
3,18918,3,19337.0,"{0: 0, 1: 306, 2: 16790, 3: 2241}",1,Env3D1,0
1,18918,3,19337.0,"{0: 0, 1: 306, 2: 16790, 3: 2241}",1,Env3D1,0
3,18918,3,19337.0,"{0: 0, 1: 306, 2: 16790, 3: 2241}",1,Env3D1,0
3,18918,3,19337.0,"{0: 0, 1: 306, 2: 16790, 3: 2241}",1,Env3D1,0
2,18918,3,19337.0,"{0: 0, 1: 306, 2: 16790, 3: 2241}",1,Env3D1,0
3,18918,3,19337.0,"{0: 0, 1: 306, 2: 16790, 3: 2241}",1,Env3D1,0
1,18918,3,19337.0,"{0: 0, 1: 306, 2: 16790, 3: 2241}",1,Env3D1,0
4,18918,3,19337.0,"{0: 0, 1: 306, 2: 16790, 3: 2241}",1,Env3D1,0
4,18918,3,19337.0,"{0: 0, 1: 306, 2: 16790, 3: 2241}",1,Env3D1,0
4,18918,3,19337.0,"{0: 0, 1: 306, 2: 16790, 3: 2241}",1,Env3D1,0
4,18918,3,19337.0,"{0: 0, 1: 306, 2: 16790, 3: 2241}",1,Env3D1,0
4,18918,3,19337.0,"{0: 0, 1: 306, 2: 16790, 3: 2241}",1,Env3D1,0
2,18918,3,19337.0,"{0: 0, 1: 306, 2: 16790, 3: 2241}",1,Env3D1,0
2,18918,3,19337.0,"{0: 0, 1: 306, 2: 16790, 3: 2241}",1,Env3D1,0
3,18918,3,19337.0,"{0: 0, 1: 306, 2: 16790, 3: 2241}",1,Env3D1,0
3,18918,3,19337.0,"{0: 0, 1: 306, 2: 16790, 3: 2241}",1,Env3D1,0
3,18918,3,19337.0,"{0: 0, 1: 306, 2: 16790, 3: 2241}",1,Env3D1,0
2,18918,3,19337.0,"{0: 0, 1: 306, 2: 16790, 3: 2241}",1,Env3D1,0
3,18918,3,19337.0,"{0: 0, 1: 306, 2: 16790, 3: 2241}",1,Env3D1,0
1,18918,3,19337.0,"{0: 0, 1: 306, 2: 16790, 3: 2241}",1,Env3D1,0
1,18918,3,19337.0,"{0: 0, 1: 306, 2: 16790, 3: 2241}",1,Env3D1,0
1,18918,3,19337.0,"{0: 0, 1: 306, 2: 16790, 3: 2241}",1,Env3D1,0
2,18918,3,19337.0,"{0: 0, 1: 306, 2: 16790, 3: 2241}",1,Env3D1,0
2,18918,3,19337.0,"{0: 0, 1: 306, 2: 16790, 3: 2241}",1,Env3D1,0
2,18918,3,19337.0,"{0: 0, 1: 306, 2: 16790, 3: 2241}",1,Env3D1,0
3,18918,3,19337.0,"{0: 0, 1: 306, 2: 16790, 3: 2241}",1,Env3D1,0
3,18918,3,19337.0,"{0: 0, 1: 306, 2: 16790, 3: 2241}",1,Env3D1,0
2,18918,3,19337.0,"{0: 0, 1: 306, 2: 16790, 3: 2241}",1,Env3D1,0
2,18918,3,19337.0,"{0: 0, 1: 306, 2: 16790, 3: 2241}",1,Env3D1,0
2,18918,3,19337.0,"{0: 0, 1: 306, 2: 16790, 3: 2241}",1,Env3D1,0
2,18918,3,19337.0,"{0: 0, 1: 306, 2: 16790, 3: 2241}",1,Env3D1,0
3,2286,3,2532.0,"{0: 0, 1: 90, 2: 2441, 3: 1}",1,Env4D0,0
3,2286,3,2532.0,"{0: 0, 1: 90, 2: 2441, 3: 1}",1,Env4D0,0
3,2286,3,2532.0,"{0: 0, 1: 90, 2: 2441, 3: 1}",1,Env4D0,0
3,2286,3,2532.0,"{0: 0, 1: 90, 2: 2441, 3: 1}",1,Env4D0,0
1,2286,3,2532.0,"{0: 0, 1: 90, 2: 2441, 3: 1}",1,Env4D0,0
1,2286,3,2532.0,"{0: 0, 1: 90, 2: 2441, 3: 1}",1,Env4D0,0
3,2286,3,2532.0,"{0: 0, 1: 90, 2: 2441, 3: 1}",1,Env4D0,0
1,2286,3,2532.0,"{0: 0, 1: 90, 2: 2441, 3: 1}",1,Env4D0,0
4,2286,3,2532.0,"{0: 0, 1: 90, 2: 2441, 3: 1}",1,Env4D0,0
4,2286,3,2532.0,"{0: 0, 1: 90, 2: 2441, 3: 1}",1,Env4D0,0
4,2286,3,2532.0,"{0: 0, 1: 90, 2: 2441, 3: 1}",1,Env4D0,0
4,2286,3,2532.0,"{0: 0, 1: 90, 2: 2441, 3: 1}",1,Env4D0,0
4,2286,3,2532.0,"{0: 0, 1: 90, 2: 2441, 3: 1}",1,Env4D0,0
2,2286,3,2532.0,"{0: 0, 1: 90, 2: 2441, 3: 1}",1,Env4D0,0
2,2286,3,2532.0,"{0: 0, 1: 90, 2: 2441, 3: 1}",1,Env4D0,0
2,2286,3,2532.0,"{0: 0, 1: 90, 2: 2441, 3: 1}",1,Env4D0,0
2,2286,3,2532.0,"{0: 0, 1: 90, 2: 2441, 3: 1}",1,Env4D0,0
2,2286,3,2532.0,"{0: 0, 1: 90, 2: 2441, 3: 1}",1,Env4D0,0
2,2286,3,2532.0,"{0: 0, 1: 90, 2: 2441, 3: 1}",1,Env4D0,0
2,2286,3,2532.0,"{0: 0, 1: 90, 2: 2441, 3: 1}",1,Env4D0,0
2,2286,3,2532.0,"{0: 0, 1: 90, 2: 2441, 3: 1}",1,Env4D0,0
3,2286,3,2532.0,"{0: 0, 1: 90, 2: 2441, 3: 1}",1,Env4D0,0
1,2286,3,2532.0,"{0: 0, 1: 90, 2: 2441, 3: 1}",1,Env4D0,0
1,2286,3,2532.0,"{0: 0, 1: 90, 2: 2441, 3: 1}",1,Env4D0,0
1,2286,3,2532.0,"{0: 0, 1: 90, 2: 2441, 3: 1}",1,Env4D0,0
1,2286,3,2532.0,"{0: 0, 1: 90, 2: 2441, 3: 1}",1,Env4D0,0
1,2286,3,2532.0,"{0: 0, 1: 90, 2: 2441, 3: 1}",1,Env4D0,0
1,2286,3,2532.0,"{0: 0, 1: 90, 2: 2441, 3: 1}",1,Env4D0,0
1,2286,3,2532.0,"{0: 0, 1: 90, 2: 2441, 3: 1}",1,Env4D0,0
3,2286,3,2532.0,"{0: 0, 1: 90, 2: 2441, 3: 1}",1,Env4D0,0
1,2286,3,2532.0,"{0: 0, 1: 90, 2: 2441, 3: 1}",1,Env4D0,0
4,2286,3,2532.0,"{0: 0, 1: 90, 2: 2441, 3: 1}",1,Env4D0,0
3,2286,3,2532.0,"{0: 0, 1: 90, 2: 2441, 3: 1}",1,Env4D0,0
3,2286,3,2532.0,"{0: 0, 1: 90, 2: 2441, 3: 1}",1,Env4D0,0
3,2286,3,2532.0,"{0: 0, 1: 90, 2: 2441, 3: 1}",1,Env4D0,0
3,2286,3,2532.0,"{0: 0, 1: 90, 2: 2441, 3: 1}",1,Env4D0,0
2,2286,3,2532.0,"{0: 0, 1: 90, 2: 2441, 3: 1}",1,Env4D0,0
2,2286,3,2532.0,"{0: 0, 1: 90, 2: 2441, 3: 1}",1,Env4D0,0
3,2286,3,2532.0,"{0: 0, 1: 90, 2: 2441, 3: 1}",1,Env4D0,0
3,2286,3,2532.0,"{0: 0, 1: 90, 2: 2441, 3: 1}",1,Env4D0,0
2,2286,3,2532.0,"{0: 0, 1: 90, 2: 2441, 3: 1}",1,Env4D0,0
2,2286,3,2532.0,"{0: 0, 1: 90, 2: 2441, 3: 1}",1,Env4D0,0
2,2286,3,2532.0,"{0: 0, 1: 90, 2: 2441, 3: 1}",1,Env4D0,0
2,2286,3,2532.0,"{0: 0, 1: 90, 2: 2441, 3: 1}",1,Env4D0,0
2,2286,3,2532.0,"{0: 0, 1: 90, 2: 2441, 3: 1}",1,Env4D0,0
3,22292,3,23622.0,"{0: 0, 1: 201, 2: 23420, 3: 1}",1,Env4D1,0
3,22292,3,23622.0,"{0: 0, 1: 201, 2: 23420, 3: 1}",1,Env4D1,0
3,22292,3,23622.0,"{0: 0, 1: 201, 2: 23420, 3: 1}",1,Env4D1,0
3,22292,3,23622.0,"{0: 0, 1: 201, 2: 23420, 3: 1}",1,Env4D1,0
1,22292,3,23622.0,"{0: 0, 1: 201, 2: 23420, 3: 1}",1,Env4D1,0
1,22292,3,23622.0,"{0: 0, 1: 201, 2: 23420, 3: 1}",1,Env4D1,0
3,22292,3,23622.0,"{0: 0, 1: 201, 2: 23420, 3: 1}",1,Env4D1,0
1,22292,3,23622.0,"{0: 0, 1: 201, 2: 23420, 3: 1}",1,Env4D1,0
4,22292,3,23622.0,"{0: 0, 1: 201, 2: 23420, 3: 1}",1,Env4D1,0
4,22292,3,23622.0,"{0: 0, 1: 201, 2: 23420, 3: 1}",1,Env4D1,0
4,22292,3,23622.0,"{0: 0, 1: 201, 2: 23420, 3: 1}",1,Env4D1,0
4,22292,3,23622.0,"{0: 0, 1: 201, 2: 23420, 3: 1}",1,Env4D1,0
4,22292,3,23622.0,"{0: 0, 1: 201, 2: 23420, 3: 1}",1,Env4D1,0
2,22292,3,23622.0,"{0: 0, 1: 201, 2: 23420, 3: 1}",1,Env4D1,0
2,22292,3,23622.0,"{0: 0, 1: 201, 2: 23420, 3: 1}",1,Env4D1,0
2,22292,3,23622.0,"{0: 0, 1: 201, 2: 23420, 3: 1}",1,Env4D1,0
2,22292,3,23622.0,"{0: 0, 1: 201, 2: 23420, 3: 1}",1,Env4D1,0
2,22292,3,23622.0,"{0: 0, 1: 201, 2: 23420, 3: 1}",1,Env4D1,0
2,22292,3,23622.0,"{0: 0, 1: 201, 2: 23420, 3: 1}",1,Env4D1,0
2,22292,3,23622.0,"{0: 0, 1: 201, 2: 23420, 3: 1}",1,Env4D1,0
2,22292,3,23622.0,"{0: 0, 1: 201, 2: 23420, 3: 1}",1,Env4D1,0
3,22292,3,23622.0,"{0: 0, 1: 201, 2: 23420, 3: 1}",1,Env4D1,0
1,22292,3,23622.0,"{0: 0, 1: 201, 2: 23420, 3: 1}",1,Env4D1,0
1,22292,3,23622.0,"{0: 0, 1: 201, 2: 23420, 3: 1}",1,Env4D1,0
1,22292,3,23622.0,"{0: 0, 1: 201, 2: 23420, 3: 1}",1,Env4D1,0
1,22292,3,23622.0,"{0: 0, 1: 201, 2: 23420, 3: 1}",1,Env4D1,0
1,22292,3,23622.0,"{0: 0, 1: 201, 2: 23420, 3: 1}",1,Env4D1,0
1,22292,3,23622.0,"{0: 0, 1: 201, 2: 23420, 3: 1}",1,Env4D1,0
1,22292,3,23622.0,"{0: 0, 1: 201, 2: 23420, 3: 1}",1,Env4D1,0
3,22292,3,23622.0,"{0: 0, 1: 201, 2: 23420, 3: 1}",1,Env4D1,0
1,22292,3,23622.0,"{0: 0, 1: 201, 2: 23420, 3: 1}",1,Env4D1,0
4,22292,3,23622.0,"{0: 0, 1: 201, 2: 23420, 3: 1}",1,Env4D1,0
3,22292,3,23622.0,"{0: 0, 1: 201, 2: 23420, 3: 1}",1,Env4D1,0
3,22292,3,23622.0,"{0: 0, 1: 201, 2: 23420, 3: 1}",1,Env4D1,0
3,22292,3,23622.0,"{0: 0, 1: 201, 2: 23420, 3: 1}",1,Env4D1,0
3,22292,3,23622.0,"{0: 0, 1: 201, 2: 23420, 3: 1}",1,Env4D1,0
2,22292,3,23622.0,"{0: 0, 1: 201, 2: 23420, 3: 1}",1,Env4D1,0
2,22292,3,23622.0,"{0: 0, 1: 201, 2: 23420, 3: 1}",1,Env4D1,0
3,22292,3,23622.0,"{0: 0, 1: 201, 2: 23420, 3: 1}",1,Env4D1,0
2,22292,3,23622.0,"{0: 0, 1: 201, 2: 23420, 3: 1}",1,Env4D1,0
3,22292,3,23622.0,"{0: 0, 1: 201, 2: 23420, 3: 1}",1,Env4D1,0
2,22292,3,23622.0,"{0: 0, 1: 201, 2: 23420, 3: 1}",1,Env4D1,0
2,22292,3,23622.0,"{0: 0, 1: 201, 2: 23420, 3: 1}",1,Env4D1,0
2,22292,3,23622.0,"{0: 0, 1: 201, 2: 23420, 3: 1}",1,Env4D1,0
2,22292,3,23622.0,"{0: 0, 1: 201, 2: 23420, 3: 1}",1,Env4D1,0
1,256,2,177.05194805194805,"{0: 0, 1: 176, 2: 81}",77,Env5D0,0
1,256,2,177.05194805194805,"{0: 0, 1: 176, 2: 81}",77,Env5D0,0
1,256,2,177.05194805194805,"{0: 0, 1: 176, 2: 81}",77,Env5D0,0
1,256,2,177.05194805194805,"{0: 0, 1: 176, 2: 81}",77,Env5D0,0
4,256,2,177.05194805194805,"{0: 0, 1: 176, 2: 81}",77,Env5D0,0
4,256,2,177.05194805194805,"{0: 0, 1: 176, 2: 81}",77,Env5D0,0
2,256,2,177.05194805194805,"{0: 0, 1: 176, 2: 81}",77,Env5D0,0
2,256,2,177.05194805194805,"{0: 0, 1: 176, 2: 81}",77,Env5D0,0
4,256,2,177.05194805194805,"{0: 0, 1: 176, 2: 81}",77,Env5D0,0
2,256,2,177.05194805194805,"{0: 0, 1: 176, 2: 81}",77,Env5D0,0
3,256,2,177.05194805194805,"{0: 0, 1: 176, 2: 81}",77,Env5D0,0
3,256,2,177.05194805194805,"{0: 0, 1: 176, 2: 81}",77,Env5D0,0
3,256,2,177.05194805194805,"{0: 0, 1: 176, 2: 81}",77,Env5D0,0
3,256,2,177.05194805194805,"{0: 0, 1: 176, 2: 81}",77,Env5D0,0
3,256,2,177.05194805194805,"{0: 0, 1: 176, 2: 81}",77,Env5D0,0
2,256,2,177.05194805194805,"{0: 0, 1: 176, 2: 81}",77,Env5D0,0
3,256,2,177.05194805194805,"{0: 0, 1: 176, 2: 81}",77,Env5D0,0
1,256,2,177.05194805194805,"{0: 0, 1: 176, 2: 81}",77,Env5D0,0
1,256,2,177.05194805194805,"{0: 0, 1: 176, 2: 81}",77,Env5D0,0
3,256,2,177.05194805194805,"{0: 0, 1: 176, 2: 81}",77,Env5D0,0
3,256,2,177.05194805194805,"{0: 0, 1: 176, 2: 81}",77,Env5D0,0
2,256,2,177.05194805194805,"{0: 0, 1: 176, 2: 81}",77,Env5D0,0
2,256,2,177.05194805194805,"{0: 0, 1: 176, 2: 81}",77,Env5D0,0
2,256,2,177.05194805194805,"{0: 0, 1: 176, 2: 81}",77,Env5D0,0
2,256,2,177.05194805194805,"{0: 0, 1: 176, 2: 81}",77,Env5D0,0
2,256,2,177.05194805194805,"{0: 0, 1: 176, 2: 81}",77,Env5D0,0
1,490,2,333.41818181818184,"{0: 0, 1: 332, 2: 156}",110,Env5D1,0
1,490,2,333.41818181818184,"{0: 0, 1: 332, 2: 156}",110,Env5D1,0
1,490,2,333.41818181818184,"{0: 0, 1: 332, 2: 156}",110,Env5D1,0
1,490,2,333.41818181818184,"{0: 0, 1: 332, 2: 156}",110,Env5D1,0
4,490,2,333.41818181818184,"{0: 0, 1: 332, 2: 156}",110,Env5D1,0
2,490,2,333.41818181818184,"{0: 0, 1: 332, 2: 156}",110,Env5D1,0
2,490,2,333.41818181818184,"{0: 0, 1: 332, 2: 156}",110,Env5D1,0
2,490,2,333.41818181818184,"{0: 0, 1: 332, 2: 156}",110,Env5D1,0
2,490,2,333.41818181818184,"{0: 0, 1: 332, 2: 156}",110,Env5D1,0
2,490,2,333.41818181818184,"{0: 0, 1: 332, 2: 156}",110,Env5D1,0
4,490,2,333.41818181818184,"{0: 0, 1: 332, 2: 156}",110,Env5D1,0
2,490,2,333.41818181818184,"{0: 0, 1: 332, 2: 156}",110,Env5D1,0
3,490,2,333.41818181818184,"{0: 0, 1: 332, 2: 156}",110,Env5D1,0
3,490,2,333.41818181818184,"{0: 0, 1: 332, 2: 156}",110,Env5D1,0
3,490,2,333.41818181818184,"{0: 0, 1: 332, 2: 156}",110,Env5D1,0
3,490,2,333.41818181818184,"{0: 0, 1: 332, 2: 156}",110,Env5D1,0
1,490,2,333.41818181818184,"{0: 0, 1: 332, 2: 156}",110,Env5D1,0
3,490,2,333.41818181818184,"{0: 0, 1: 332, 2: 156}",110,Env5D1,0
2,490,2,333.41818181818184,"{0: 0, 1: 332, 2: 156}",110,Env5D1,0
3,490,2,333.41818181818184,"{0: 0, 1: 332, 2: 156}",110,Env5D1,0
3,490,2,333.41818181818184,"{0: 0, 1: 332, 2: 156}",110,Env5D1,0
2,490,2,333.41818181818184,"{0: 0, 1: 332, 2: 156}",110,Env5D1,0
3,1562,3,1762.0,"{0: 0, 1: 102, 2: 1659, 3: 1}",1,Env6D0,0
3,1562,3,1762.0,"{0: 0, 1: 102, 2: 1659, 3: 1}",1,Env6D0,0
3,1562,3,1762.0,"{0: 0, 1: 102, 2: 1659, 3: 1}",1,Env6D0,0
1,1562,3,1762.0,"{0: 0, 1: 102, 2: 1659, 3: 1}",1,Env6D0,0
1,1562,3,1762.0,"{0: 0, 1: 102, 2: 1659, 3: 1}",1,Env6D0,0
1,1562,3,1762.0,"{0: 0, 1: 102, 2: 1659, 3: 1}",1,Env6D0,0
1,1562,3,1762.0,"{0: 0, 1: 102, 2: 1659, 3: 1}",1,Env6D0,0
4,1562,3,1762.0,"{0: 0, 1: 102, 2: 1659, 3: 1}",1,Env6D0,0
4,1562,3,1762.0,"{0: 0, 1: 102, 2: 1659, 3: 1}",1,Env6D0,0
4,1562,3,1762.0,"{0: 0, 1: 102, 2: 1659, 3: 1}",1,Env6D0,0
4,1562,3,1762.0,"{0: 0, 1: 102, 2: 1659, 3: 1}",1,Env6D0,0
3,1562,3,1762.0,"{0: 0, 1: 102, 2: 1659, 3: 1}",1,Env6D0,0
2,1562,3,1762.0,"{0: 0, 1: 102, 2: 1659, 3: 1}",1,Env6D0,0
2,1562,3,1762.0,"{0: 0, 1: 102, 2: 1659, 3: 1}",1,Env6D0,0
2,1562,3,1762.0,"{0: 0, 1: 102, 2: 1659, 3: 1}",1,Env6D0,0
2,1562,3,1762.0,"{0: 0, 1: 102, 2: 1659, 3: 1}",1,Env6D0,0
2,1562,3,1762.0,"{0: 0, 1: 102, 2: 1659, 3: 1}",1,Env6D0,0
2,1562,3,1762.0,"{0: 0, 1: 102, 2: 1659, 3: 1}",1,Env6D0,0
2,1562,3,1762.0,"{0: 0, 1: 102, 2: 1659, 3: 1}",1,Env6D0,0
3,1562,3,1762.0,"{0: 0, 1: 102, 2: 1659, 3: 1}",1,Env6D0,0
1,1562,3,1762.0,"{0: 0, 1: 102, 2: 1659, 3: 1}",1,Env6D0,0
1,1562,3,1762.0,"{0: 0, 1: 102, 2: 1659, 3: 1}",1,Env6D0,0
1,1562,3,1762.0,"{0: 0, 1: 102, 2: 1659, 3: 1}",1,Env6D0,0
1,1562,3,1762.0,"{0: 0, 1: 102, 2: 1659, 3: 1}",1,Env6D0,0
1,1562,3,1762.0,"{0: 0, 1: 102, 2: 1659, 3: 1}",1,Env6D0,0
1,1562,3,1762.0,"{0: 0, 1: 102, 2: 1659, 3: 1}",1,Env6D0,0
3,1562,3,1762.0,"{0: 0, 1: 102, 2: 1659, 3: 1}",1,Env6D0,0
1,1562,3,1762.0,"{0: 0, 1: 102, 2: 1659, 3: 1}",1,Env6D0,0
4,1562,3,1762.0,"{0: 0, 1: 102, 2: 1659, 3: 1}",1,Env6D0,0
4,1562,3,1762.0,"{0: 0, 1: 102, 2: 1659, 3: 1}",1,Env6D0,0
3,1562,3,1762.0,"{0: 0, 1: 102, 2: 1659, 3: 1}",1,Env6D0,0
3,1562,3,1762.0,"{0: 0, 1: 102, 2: 1659, 3: 1}",1,Env6D0,0
3,1562,3,1762.0,"{0: 0, 1: 102, 2: 1659, 3: 1}",1,Env6D0,0
3,1562,3,1762.0,"{0: 0, 1: 102, 2: 1659, 3: 1}",1,Env6D0,0
2,1562,3,1762.0,"{0: 0, 1: 102, 2: 1659, 3: 1}",1,Env6D0,0
2,1562,3,1762.0,"{0: 0, 1: 102, 2: 1659, 3: 1}",1,Env6D0,0
3,9160,3,9870.0,"{0: 0, 1: 179, 2: 9690, 3: 1}",1,Env6D1,0
3,9160,3,9870.0,"{0: 0, 1: 179, 2: 9690, 3: 1}",1,Env6D1,0
3,9160,3,9870.0,"{0: 0, 1: 179, 2: 9690, 3: 1}",1,Env6D1,0
1,9160,3,9870.0,"{0: 0, 1: 179, 2: 9690, 3: 1}",1,Env6D1,0
1,9160,3,9870.0,"{0: 0, 1: 179, 2: 9690, 3: 1}",1,Env6D1,0
1,9160,3,9870.0,"{0: 0, 1: 179, 2: 9690, 3: 1}",1,Env6D1,0
1,9160,3,9870.0,"{0: 0, 1: 179, 2: 9690, 3: 1}",1,Env6D1,0
4,9160,3,9870.0,"{0: 0, 1: 179, 2: 9690, 3: 1}",1,Env6D1,0
4,9160,3,9870.0,"{0: 0, 1: 179, 2: 9690, 3: 1}",1,Env6D1,0
4,9160,3,9870.0,"{0: 0, 1: 179, 2: 9690, 3: 1}",1,Env6D1,0
4,9160,3,9870.0,"{0: 0, 1: 179, 2: 9690, 3: 1}",1,Env6D1,0
3,9160,3,9870.0,"{0: 0, 1: 179, 2: 9690, 3: 1}",1,Env6D1,0
2,9160,3,9870.0,"{0: 0, 1: 179, 2: 9690, 3: 1}",1,Env6D1,0
2,9160,3,9870.0,"{0: 0, 1: 179, 2: 9690, 3: 1}",1,Env6D1,0
2,9160,3,9870.0,"{0: 0, 1: 179, 2: 9690, 3: 1}",1,Env6D1,0
2,9160,3,9870.0,"{0: 0, 1: 179, 2: 9690, 3: 1}",1,Env6D1,0
2,9160,3,9870.0,"{0: 0, 1: 179, 2: 9690, 3: 1}",1,Env6D1,0
2,9160,3,9870.0,"{0: 0, 1: 179, 2: 9690, 3: 1}",1,Env6D1,0
2,9160,3,9870.0,"{0: 0, 1: 179, 2: 9690, 3: 1}",1,Env6D1,0
3,9160,3,9870.0,"{0: 0, 1: 179, 2: 9690, 3: 1}",1,Env6D1,0
1,9160,3,9870.0,"{0: 0, 1: 179, 2: 9690, 3: 1}",1,Env6D1,0
1,9160,3,9870.0,"{0: 0, 1: 179, 2: 9690, 3: 1}",1,Env6D1,0
1,9160,3,9870.0,"{0: 0, 1: 179, 2: 9690, 3: 1}",1,Env6D1,0
1,9160,3,9870.0,"{0: 0, 1: 179, 2: 9690, 3: 1}",1,Env6D1,0
1,9160,3,9870.0,"{0: 0, 1: 179, 2: 9690, 3: 1}",1,Env6D1,0
1,9160,3,9870.0,"{0: 0, 1: 179, 2: 9690, 3: 1}",1,Env6D1,0
3,9160,3,9870.0,"{0: 0, 1: 179, 2: 9690, 3: 1}",1,Env6D1,0
1,9160,3,9870.0,"{0: 0, 1: 179, 2: 9690, 3: 1}",1,Env6D1,0
4,9160,3,9870.0,"{0: 0, 1: 179, 2: 9690, 3: 1}",1,Env6D1,0
4,9160,3,9870.0,"{0: 0, 1: 179, 2: 9690, 3: 1}",1,Env6D1,0
3,9160,3,9870.0,"{0: 0, 1: 179, 2: 9690, 3: 1}",1,Env6D1,0
3,9160,3,9870.0,"{0: 0, 1: 179, 2: 9690, 3: 1}",1,Env6D1,0
3,9160,3,9870.0,"{0: 0, 1: 179, 2: 9690, 3: 1}",1,Env6D1,0
3,9160,3,9870.0,"{0: 0, 1: 179, 2: 9690, 3: 1}",1,Env6D1,0
2,9160,3,9870.0,"{0: 0, 1: 179, 2: 9690, 3: 1}",1,Env6D1,0
2,9160,3,9870.0,"{0: 0, 1: 179, 2: 9690, 3: 1}",1,Env6D1,0
3,219,2,224.0,"{0: 0, 1: 214, 2: 10}",1,Env7D0,0
3,219,2,224.0,"{0: 0, 1: 214, 2: 10}",1,Env7D0,0
3,219,2,224.0,"{0: 0, 1: 214, 2: 10}",1,Env7D0,0
3,219,2,224.0,"{0: 0, 1: 214, 2: 10}",1,Env7D0,0
3,219,2,224.0,"{0: 0, 1: 214, 2: 10}",1,Env7D0,0
3,219,2,224.0,"{0: 0, 1: 214, 2: 10}",1,Env7D0,0
1,219,2,224.0,"{0: 0, 1: 214, 2: 10}",1,Env7D0,0
3,219,2,224.0,"{0: 0, 1: 214, 2: 10}",1,Env7D0,0
3,219,2,224.0,"{0: 0, 1: 214, 2: 10}",1,Env7D0,0
2,219,2,224.0,"{0: 0, 1: 214, 2: 10}",1,Env7D0,0
4,219,2,224.0,"{0: 0, 1: 214, 2: 10}",1,Env7D0,0
4,219,2,224.0,"{0: 0, 1: 214, 2: 10}",1,Env7D0,0
1,219,2,224.0,"{0: 0, 1: 214, 2: 10}",1,Env7D0,0
4,219,2,224.0,"{0: 0, 1: 214, 2: 10}",1,Env7D0,0
2,219,2,224.0,"{0: 0, 1: 214, 2: 10}",1,Env7D0,0
3,219,2,224.0,"{0: 0, 1: 214, 2: 10}",1,Env7D0,0
3,219,2,224.0,"{0: 0, 1: 214, 2: 10}",1,Env7D0,0
3,219,2,224.0,"{0: 0, 1: 214, 2: 10}",1,Env7D0,0
3,219,2,224.0,"{0: 0, 1: 214, 2: 10}",1,Env7D0,0
1,219,2,224.0,"{0: 0, 1: 214, 2: 10}",1,Env7D0,0
1,219,2,224.0,"{0: 0, 1: 214, 2: 10}",1,Env7D0,0
3,400,2,404.0,"{0: 0, 1: 362, 2: 42}",1,Env7D1,0
3,400,2,404.0,"{0: 0, 1: 362, 2: 42}",1,Env7D1,0
3,400,2,404.0,"{0: 0, 1: 362, 2: 42}",1,Env7D1,0
3,400,2,404.0,"{0: 0, 1: 362, 2: 42}",1,Env7D1,0
3,400,2,404.0,"{0: 0, 1: 362, 2: 42}",1,Env7D1,0
3,400,2,404.0,"{0: 0, 1: 362, 2: 42}",1,Env7D1,0
1,400,2,404.0,"{0: 0, 1: 362, 2: 42}",1,Env7D1,0
3,400,2,404.0,"{0: 0, 1: 362, 2: 42}",1,Env7D1,0
3,400,2,404.0,"{0: 0, 1: 362, 2: 42}",1,Env7D1,0
2,400,2,404.0,"{0: 0, 1: 362, 2: 42}",1,Env7D1,0
4,400,2,404.0,"{0: 0, 1: 362, 2: 42}",1,Env7D1,0
4,400,2,404.0,"{0: 0, 1: 362, 2: 42}",1,Env7D1,0
1,400,2,404.0,"{0: 0, 1: 362, 2: 42}",1,Env7D1,0
4,400,2,404.0,"{0: 0, 1: 362, 2: 42}",1,Env7D1,0
2,400,2,404.0,"{0: 0, 1: 362, 2: 42}",1,Env7D1,0
3,400,2,404.0,"{0: 0, 1: 362, 2: 42}",1,Env7D1,0
3,400,2,404.0,"{0: 0, 1: 362, 2: 42}",1,Env7D1,0
3,400,2,404.0,"{0: 0, 1: 362, 2: 42}",1,Env7D1,0
1,400,2,404.0,"{0: 0, 1: 362, 2: 42}",1,Env7D1,0
1,400,2,404.0,"{0: 0, 1: 362, 2: 42}",1,Env7D1,0
1,206,2,215.0,"{0: 0, 1: 202, 2: 13}",1,Env8D0,0
1,206,2,215.0,"{0: 0, 1: 202, 2: 13}",1,Env8D0,0
1,206,2,215.0,"{0: 0, 1: 202, 2: 13}",1,Env8D0,0
4,206,2,215.0,"{0: 0, 1: 202, 2: 13}",1,Env8D0,0
1,206,2,215.0,"{0: 0, 1: 202, 2: 13}",1,Env8D0,0
3,206,2,215.0,"{0: 0, 1: 202, 2: 13}",1,Env8D0,0
2,206,2,215.0,"{0: 0, 1: 202, 2: 13}",1,Env8D0,0
3,206,2,215.0,"{0: 0, 1: 202, 2: 13}",1,Env8D0,0
1,206,2,215.0,"{0: 0, 1: 202, 2: 13}",1,Env8D0,0
3,206,2,215.0,"{0: 0, 1: 202, 2: 13}",1,Env8D0,0
3,206,2,215.0,"{0: 0, 1: 202, 2: 13}",1,Env8D0,0
3,206,2,215.0,"{0: 0, 1: 202, 2: 13}",1,Env8D0,0
3,206,2,215.0,"{0: 0, 1: 202, 2: 13}",1,Env8D0,0
3,206,2,215.0,"{0: 0, 1: 202, 2: 13}",1,Env8D0,0
3,206,2,215.0,"{0: 0, 1: 202, 2: 13}",1,Env8D0,0
1,206,2,215.0,"{0: 0, 1: 202, 2: 13}",1,Env8D0,0
1,206,2,215.0,"{0: 0, 1: 202, 2: 13}",1,Env8D0,0
1,340,2,348.0,"{0: 0, 1: 305, 2: 43}",1,Env8D1,0
1,340,2,348.0,"{0: 0, 1: 305, 2: 43}",1,Env8D1,0
1,340,2,348.0,"{0: 0, 1: 305, 2: 43}",1,Env8D1,0
4,340,2,348.0,"{0: 0, 1: 305, 2: 43}",1,Env8D1,0
1,340,2,348.0,"{0: 0, 1: 305, 2: 43}",1,Env8D1,0
3,340,2,348.0,"{0: 0, 1: 305, 2: 43}",1,Env8D1,0
2,340,2,348.0,"{0: 0, 1: 305, 2: 43}",1,Env8D1,0
3,340,2,348.0,"{0: 0, 1: 305, 2: 43}",1,Env8D1,0
1,340,2,348.0,"{0: 0, 1: 305, 2: 43}",1,Env8D1,0
3,340,2,348.0,"{0: 0, 1: 305, 2: 43}",1,Env8D1,0
3,340,2,348.0,"{0: 0, 1: 305, 2: 43}",1,Env8D1,0
3,340,2,348.0,"{0: 0, 1: 305, 2: 43}",1,Env8D1,0
3,340,2,348.0,"{0: 0, 1: 305, 2: 43}",1,Env8D1,0
3,340,2,348.0,"{0: 0, 1: 305, 2: 43}",1,Env8D1,0
3,340,2,348.0,"{0: 0, 1: 305, 2: 43}",1,Env8D1,0
1,340,2,348.0,"{0: 0, 1: 305, 2: 43}",1,Env8D1,0
1,340,2,348.0,"{0: 0, 1: 305, 2: 43}",1,Env8D1,0
2,391030,5,424494.0,"{0: 0, 1: 258, 2: 7023, 3: 90049, 4: 326872, 5: 876}",3,Env9D0
2,391030,5,424494.0,"{0: 0, 1: 258, 2: 7023, 3: 90049, 4: 326872, 5: 876}",3,Env9D0
2,391030,5,424494.0,"{0: 0, 1: 258, 2: 7023, 3: 90049, 4: 326872, 5: 876}",3,Env9D0
4,391030,5,424494.0,"{0: 0, 1: 258, 2: 7023, 3: 90049, 4: 326872, 5: 876}",3,Env9D0
1,391030,5,424494.0,"{0: 0, 1: 258, 2: 7023, 3: 90049, 4: 326872, 5: 876}",3,Env9D0
1,391030,5,424494.0,"{0: 0, 1: 258, 2: 7023, 3: 90049, 4: 326872, 5: 876}",3,Env9D0
1,391030,5,424494.0,"{0: 0, 1: 258, 2: 7023, 3: 90049, 4: 326872, 5: 876}",3,Env9D0
1,391030,5,424494.0,"{0: 0, 1: 258, 2: 7023, 3: 90049, 4: 326872, 5: 876}",3,Env9D0
1,391030,5,424494.0,"{0: 0, 1: 258, 2: 7023, 3: 90049, 4: 326872, 5: 876}",3,Env9D0
4,391030,5,424494.0,"{0: 0, 1: 258, 2: 7023, 3: 90049, 4: 326872, 5: 876}",3,Env9D0
1,391030,5,424494.0,"{0: 0, 1: 258, 2: 7023, 3: 90049, 4: 326872, 5: 876}",3,Env9D0
3,391030,5,424494.0,"{0: 0, 1: 258, 2: 7023, 3: 90049, 4: 326872, 5: 876}",3,Env9D0
2,391030,5,424494.0,"{0: 0, 1: 258, 2: 7023, 3: 90049, 4: 326872, 5: 876}",3,Env9D0
2,391030,5,424494.0,"{0: 0, 1: 258, 2: 7023, 3: 90049, 4: 326872, 5: 876}",3,Env9D0
2,391030,5,424494.0,"{0: 0, 1: 258, 2: 7023, 3: 90049, 4: 326872, 5: 876}",3,Env9D0
4,391030,5,424494.0,"{0: 0, 1: 258, 2: 7023, 3: 90049, 4: 326872, 5: 876}",3,Env9D0
1,391030,5,424494.0,"{0: 0, 1: 258, 2: 7023, 3: 90049, 4: 326872, 5: 876}",3,Env9D0
1,391030,5,424494.0,"{0: 0, 1: 258, 2: 7023, 3: 90049, 4: 326872, 5: 876}",3,Env9D0
4,391030,5,424494.0,"{0: 0, 1: 258, 2: 7023, 3: 90049, 4: 326872, 5: 876}",3,Env9D0
1,391030,5,424494.0,"{0: 0, 1: 258, 2: 7023, 3: 90049, 4: 326872, 5: 876}",3,Env9D0
3,391030,5,424494.0,"{0: 0, 1: 258, 2: 7023, 3: 90049, 4: 326872, 5: 876}",3,Env9D0
2,391030,5,424494.0,"{0: 0, 1: 258, 2: 7023, 3: 90049, 4: 326872, 5: 876}",3,Env9D0
3,391030,5,424494.0,"{0: 0, 1: 258, 2: 7023, 3: 90049, 4: 326872, 5: 876}",3,Env9D0
3,391030,5,424494.0,"{0: 0, 1: 258, 2: 7023, 3: 90049, 4: 326872, 5: 876}",3,Env9D0
2,391030,5,424494.0,"{0: 0, 1: 258, 2: 7023, 3: 90049, 4: 326872, 5: 876}",3,Env9D0
2,391030,5,424494.0,"{0: 0, 1: 258, 2: 7023, 3: 90049, 4: 326872, 5: 876}",3,Env9D0
3,391030,5,424494.0,"{0: 0, 1: 258, 2: 7023, 3: 90049, 4: 326872, 5: 876}",3,Env9D0
3,391030,5,424494.0,"{0: 0, 1: 258, 2: 7023, 3: 90049, 4: 326872, 5: 876}",3,Env9D0
3,391030,5,424494.0,"{0: 0, 1: 258, 2: 7023, 3: 90049, 4: 326872, 5: 876}",3,Env9D0
3,391030,5,424494.0,"{0: 0, 1: 258, 2: 7023, 3: 90049, 4: 326872, 5: 876}",3,Env9D0
3,391030,5,424494.0,"{0: 0, 1: 258, 2: 7023, 3: 90049, 4: 326872, 5: 876}",3,Env9D0
1,391030,5,424494.0,"{0: 0, 1: 258, 2: 7023, 3: 90049, 4: 326872, 5: 876}",3,Env9D0
1,391030,5,424494.0,"{0: 0, 1: 258, 2: 7023, 3: 90049, 4: 326872, 5: 876}",3,Env9D0
4,391030,5,424494.0,"{0: 0, 1: 258, 2: 7023, 3: 90049, 4: 326872, 5: 876}",3,Env9D0
1,391030,5,424494.0,"{0: 0, 1: 258, 2: 7023, 3: 90049, 4: 326872, 5: 876}",3,Env9D0
3,391030,5,424494.0,"{0: 0, 1: 258, 2: 7023, 3: 90049, 4: 326872, 5: 876}",3,Env9D0
2,391030,5,424494.0,"{0: 0, 1: 258, 2: 7023, 3: 90049, 4: 326872, 5: 876}",3,Env9D0
3,391030,5,424494.0,"{0: 0, 1: 258, 2: 7023, 3: 90049, 4: 326872, 5: 876}",3,Env9D0
3,391030,5,424494.0,"{0: 0, 1: 258, 2: 7023, 3: 90049, 4: 326872, 5: 876}",3,Env9D0
2,391030,5,424494.0,"{0: 0, 1: 258, 2: 7023, 3: 90049, 4: 326872, 5: 876}",3,Env9D0
2,391030,5,424494.0,"{0: 0, 1: 258, 2: 7023, 3: 90049, 4: 326872, 5: 876}",3,Env9D0
2,391030,5,424494.0,"{0: 0, 1: 258, 2: 7023, 3: 90049, 4: 326872, 5: 876}",3,Env9D0
4,391030,5,424494.0,"{0: 0, 1: 258, 2: 7023, 3: 90049, 4: 326872, 5: 876}",3,Env9D0
2,391030,5,424494.0,"{0: 0, 1: 258, 2: 7023, 3: 90049, 4: 326872, 5: 876}",3,Env9D0
4,391030,5,424494.0,"{0: 0, 1: 258, 2: 7023, 3: 90049, 4: 326872, 5: 876}",3,Env9D0
1,391030,5,424494.0,"{0: 0, 1: 258, 2: 7023, 3: 90049, 4: 326872, 5: 876}",3,Env9D0
1,391030,5,424494.0,"{0: 0, 1: 258, 2: 7023, 3: 90049, 4: 326872, 5: 876}",3,Env9D0
1,391030,5,424494.0,"{0: 0, 1: 258, 2: 7023, 3: 90049, 4: 326872, 5: 876}",3,Env9D0
1,391030,5,424494.0,"{0: 0, 1: 258, 2: 7023, 3: 90049, 4: 326872, 5: 876}",3,Env9D0
2,391030,5,424494.0,"{0: 0, 1: 258, 2: 7023, 3: 90049, 4: 326872, 5: 876}",3,Env9D0
2,391030,5,424494.0,"{0: 0, 1: 258, 2: 7023, 3: 90049, 4: 326872, 5: 876}",3,Env9D0
2,391030,5,424494.0,"{0: 0, 1: 258, 2: 7023, 3: 90049, 4: 326872, 5: 876}",3,Env9D0
2,391030,5,424494.0,"{0: 0, 1: 258, 2: 7023, 3: 90049, 4: 326872, 5: 876}",3,Env9D0
2,9692848,5,10248207.0,"{0: 0, 1: 369, 2: 22014, 3: 772910, 4: 9452913, 5: 3}",3,Env9D1
2,9692848,5,10248207.0,"{0: 0, 1: 369, 2: 22014, 3: 772910, 4: 9452913, 5: 3}",3,Env9D1
2,9692848,5,10248207.0,"{0: 0, 1: 369, 2: 22014, 3: 772910, 4: 9452913, 5: 3}",3,Env9D1
4,9692848,5,10248207.0,"{0: 0, 1: 369, 2: 22014, 3: 772910, 4: 9452913, 5: 3}",3,Env9D1
1,9692848,5,10248207.0,"{0: 0, 1: 369, 2: 22014, 3: 772910, 4: 9452913, 5: 3}",3,Env9D1
1,9692848,5,10248207.0,"{0: 0, 1: 369, 2: 22014, 3: 772910, 4: 9452913, 5: 3}",3,Env9D1
1,9692848,5,10248207.0,"{0: 0, 1: 369, 2: 22014, 3: 772910, 4: 9452913, 5: 3}",3,Env9D1
1,9692848,5,10248207.0,"{0: 0, 1: 369, 2: 22014, 3: 772910, 4: 9452913, 5: 3}",3,Env9D1
1,9692848,5,10248207.0,"{0: 0, 1: 369, 2: 22014, 3: 772910, 4: 9452913, 5: 3}",3,Env9D1
4,9692848,5,10248207.0,"{0: 0, 1: 369, 2: 22014, 3: 772910, 4: 9452913, 5: 3}",3,Env9D1
1,9692848,5,10248207.0,"{0: 0, 1: 369, 2: 22014, 3: 772910, 4: 9452913, 5: 3}",3,Env9D1
3,9692848,5,10248207.0,"{0: 0, 1: 369, 2: 22014, 3: 772910, 4: 9452913, 5: 3}",3,Env9D1
2,9692848,5,10248207.0,"{0: 0, 1: 369, 2: 22014, 3: 772910, 4: 9452913, 5: 3}",3,Env9D1
2,9692848,5,10248207.0,"{0: 0, 1: 369, 2: 22014, 3: 772910, 4: 9452913, 5: 3}",3,Env9D1
2,9692848,5,10248207.0,"{0: 0, 1: 369, 2: 22014, 3: 772910, 4: 9452913, 5: 3}",3,Env9D1
4,9692848,5,10248207.0,"{0: 0, 1: 369, 2: 22014, 3: 772910, 4: 9452913, 5: 3}",3,Env9D1
1,9692848,5,10248207.0,"{0: 0, 1: 369, 2: 22014, 3: 772910, 4: 9452913, 5: 3}",3,Env9D1
1,9692848,5,10248207.0,"{0: 0, 1: 369, 2: 22014, 3: 772910, 4: 9452913, 5: 3}",3,Env9D1
4,9692848,5,10248207.0,"{0: 0, 1: 369, 2: 22014, 3: 772910, 4: 9452913, 5: 3}",3,Env9D1
1,9692848,5,10248207.0,"{0: 0, 1: 369, 2: 22014, 3: 772910, 4: 9452913, 5: 3}",3,Env9D1
3,9692848,5,10248207.0,"{0: 0, 1: 369, 2: 22014, 3: 772910, 4: 9452913, 5: 3}",3,Env9D1
2,9692848,5,10248207.0,"{0: 0, 1: 369, 2: 22014, 3: 772910, 4: 9452913, 5: 3}",3,Env9D1
3,9692848,5,10248207.0,"{0: 0, 1: 369, 2: 22014, 3: 772910, 4: 9452913, 5: 3}",3,Env9D1
3,9692848,5,10248207.0,"{0: 0, 1: 369, 2: 22014, 3: 772910, 4: 9452913, 5: 3}",3,Env9D1
2,9692848,5,10248207.0,"{0: 0, 1: 369, 2: 22014, 3: 772910, 4: 9452913, 5: 3}",3,Env9D1
2,9692848,5,10248207.0,"{0: 0, 1: 369, 2: 22014, 3: 772910, 4: 9452913, 5: 3}",3,Env9D1
3,9692848,5,10248207.0,"{0: 0, 1: 369, 2: 22014, 3: 772910, 4: 9452913, 5: 3}",3,Env9D1
3,9692848,5,10248207.0,"{0: 0, 1: 369, 2: 22014, 3: 772910, 4: 9452913, 5: 3}",3,Env9D1
3,9692848,5,10248207.0,"{0: 0, 1: 369, 2: 22014, 3: 772910, 4: 9452913, 5: 3}",3,Env9D1
3,9692848,5,10248207.0,"{0: 0, 1: 369, 2: 22014, 3: 772910, 4: 9452913, 5: 3}",3,Env9D1
3,9692848,5,10248207.0,"{0: 0, 1: 369, 2: 22014, 3: 772910, 4: 9452913, 5: 3}",3,Env9D1
1,9692848,5,10248207.0,"{0: 0, 1: 369, 2: 22014, 3: 772910, 4: 9452913, 5: 3}",3,Env9D1
1,9692848,5,10248207.0,"{0: 0, 1: 369, 2: 22014, 3: 772910, 4: 9452913, 5: 3}",3,Env9D1
4,9692848,5,10248207.0,"{0: 0, 1: 369, 2: 22014, 3: 772910, 4: 9452913, 5: 3}",3,Env9D1
1,9692848,5,10248207.0,"{0: 0, 1: 369, 2: 22014, 3: 772910, 4: 9452913, 5: 3}",3,Env9D1
3,9692848,5,10248207.0,"{0: 0, 1: 369, 2: 22014, 3: 772910, 4: 9452913, 5: 3}",3,Env9D1
2,9692848,5,10248207.0,"{0: 0, 1: 369, 2: 22014, 3: 772910, 4: 9452913, 5: 3}",3,Env9D1
3,9692848,5,10248207.0,"{0: 0, 1: 369, 2: 22014, 3: 772910, 4: 9452913, 5: 3}",3,Env9D1
3,9692848,5,10248207.0,"{0: 0, 1: 369, 2: 22014, 3: 772910, 4: 9452913, 5: 3}",3,Env9D1
2,9692848,5,10248207.0,"{0: 0, 1: 369, 2: 22014, 3: 772910, 4: 9452913, 5: 3}",3,Env9D1
2,9692848,5,10248207.0,"{0: 0, 1: 369, 2: 22014, 3: 772910, 4: 9452913, 5: 3}",3,Env9D1
2,9692848,5,10248207.0,"{0: 0, 1: 369, 2: 22014, 3: 772910, 4: 9452913, 5: 3}",3,Env9D1
4,9692848,5,10248207.0,"{0: 0, 1: 369, 2: 22014, 3: 772910, 4: 9452913, 5: 3}",3,Env9D1
2,9692848,5,10248207.0,"{0: 0, 1: 369, 2: 22014, 3: 772910, 4: 9452913, 5: 3}",3,Env9D1
4,9692848,5,10248207.0,"{0: 0, 1: 369, 2: 22014, 3: 772910, 4: 9452913, 5: 3}",3,Env9D1
1,9692848,5,10248207.0,"{0: 0, 1: 369, 2: 22014, 3: 772910, 4: 9452913, 5: 3}",3,Env9D1
1,9692848,5,10248207.0,"{0: 0, 1: 369, 2: 22014, 3: 772910, 4: 9452913, 5: 3}",3,Env9D1
1,9692848,5,10248207.0,"{0: 0, 1: 369, 2: 22014, 3: 772910, 4: 9452913, 5: 3}",3,Env9D1
1,9692848,5,10248207.0,"{0: 0, 1: 369, 2: 22014, 3: 772910, 4: 9452913, 5: 3}",3,Env9D1
2,9692848,5,10248207.0,"{0: 0, 1: 369, 2: 22014, 3: 772910, 4: 9452913, 5: 3}",3,Env9D1
2,9692848,5,10248207.0,"{0: 0, 1: 369, 2: 22014, 3: 772910, 4: 9452913, 5: 3}",3,Env9D1
2,9692848,5,10248207.0,"{0: 0, 1: 369, 2: 22014, 3: 772910, 4: 9452913, 5: 3}",3,Env9D1
2,9692848,5,10248207.0,"{0: 0, 1: 369, 2: 22014, 3: 772910, 4: 9452913, 5: 3}",3,Env9D1
3,1358,3,1361.1518987341772,"{0: 0, 1: 210, 2: 1150, 3: 91}",79,Env10D0,0
2,1358,3,1361.1518987341772,"{0: 0, 1: 210, 2: 1150, 3: 91}",79,Env10D0,0
2,1358,3,1361.1518987341772,"{0: 0, 1: 210, 2: 1150, 3: 91}",79,Env10D0,0
2,1358,3,1361.1518987341772,"{0: 0, 1: 210, 2: 1150, 3: 91}",79,Env10D0,0
2,1358,3,1361.1518987341772,"{0: 0, 1: 210, 2: 1150, 3: 91}",79,Env10D0,0
2,1358,3,1361.1518987341772,"{0: 0, 1: 210, 2: 1150, 3: 91}",79,Env10D0,0
2,1358,3,1361.1518987341772,"{0: 0, 1: 210, 2: 1150, 3: 91}",79,Env10D0,0
4,1358,3,1361.1518987341772,"{0: 0, 1: 210, 2: 1150, 3: 91}",79,Env10D0,0
1,1358,3,1361.1518987341772,"{0: 0, 1: 210, 2: 1150, 3: 91}",79,Env10D0,0
1,1358,3,1361.1518987341772,"{0: 0, 1: 210, 2: 1150, 3: 91}",79,Env10D0,0
1,1358,3,1361.1518987341772,"{0: 0, 1: 210, 2: 1150, 3: 91}",79,Env10D0,0
2,1358,3,1361.1518987341772,"{0: 0, 1: 210, 2: 1150, 3: 91}",79,Env10D0,0
2,1358,3,1361.1518987341772,"{0: 0, 1: 210, 2: 1150, 3: 91}",79,Env10D0,0
3,1358,3,1361.1518987341772,"{0: 0, 1: 210, 2: 1150, 3: 91}",79,Env10D0,0
3,1358,3,1361.1518987341772,"{0: 0, 1: 210, 2: 1150, 3: 91}",79,Env10D0,0
3,1358,3,1361.1518987341772,"{0: 0, 1: 210, 2: 1150, 3: 91}",79,Env10D0,0
2,1358,3,1361.1518987341772,"{0: 0, 1: 210, 2: 1150, 3: 91}",79,Env10D0,0
3,1358,3,1361.1518987341772,"{0: 0, 1: 210, 2: 1150, 3: 91}",79,Env10D0,0
1,1358,3,1361.1518987341772,"{0: 0, 1: 210, 2: 1150, 3: 91}",79,Env10D0,0
1,1358,3,1361.1518987341772,"{0: 0, 1: 210, 2: 1150, 3: 91}",79,Env10D0,0
4,1358,3,1361.1518987341772,"{0: 0, 1: 210, 2: 1150, 3: 91}",79,Env10D0,0
1,1358,3,1361.1518987341772,"{0: 0, 1: 210, 2: 1150, 3: 91}",79,Env10D0,0
3,1358,3,1361.1518987341772,"{0: 0, 1: 210, 2: 1150, 3: 91}",79,Env10D0,0
3,1358,3,1361.1518987341772,"{0: 0, 1: 210, 2: 1150, 3: 91}",79,Env10D0,0
3,1358,3,1361.1518987341772,"{0: 0, 1: 210, 2: 1150, 3: 91}",79,Env10D0,0
3,1358,3,1361.1518987341772,"{0: 0, 1: 210, 2: 1150, 3: 91}",79,Env10D0,0
1,1358,3,1361.1518987341772,"{0: 0, 1: 210, 2: 1150, 3: 91}",79,Env10D0,0
3,1358,3,1361.1518987341772,"{0: 0, 1: 210, 2: 1150, 3: 91}",79,Env10D0,0
2,1358,3,1361.1518987341772,"{0: 0, 1: 210, 2: 1150, 3: 91}",79,Env10D0,0
4,1358,3,1361.1518987341772,"{0: 0, 1: 210, 2: 1150, 3: 91}",79,Env10D0,0
4,1358,3,1361.1518987341772,"{0: 0, 1: 210, 2: 1150, 3: 91}",79,Env10D0,0
4,1358,3,1361.1518987341772,"{0: 0, 1: 210, 2: 1150, 3: 91}",79,Env10D0,0
4,1358,3,1361.1518987341772,"{0: 0, 1: 210, 2: 1150, 3: 91}",79,Env10D0,0
4,1358,3,1361.1518987341772,"{0: 0, 1: 210, 2: 1150, 3: 91}",79,Env10D0,0
4,1358,3,1361.1518987341772,"{0: 0, 1: 210, 2: 1150, 3: 91}",79,Env10D0,0
2,1358,3,1361.1518987341772,"{0: 0, 1: 210, 2: 1150, 3: 91}",79,Env10D0,0
2,1358,3,1361.1518987341772,"{0: 0, 1: 210, 2: 1150, 3: 91}",79,Env10D0,0
2,1358,3,1361.1518987341772,"{0: 0, 1: 210, 2: 1150, 3: 91}",79,Env10D0,0
2,1358,3,1361.1518987341772,"{0: 0, 1: 210, 2: 1150, 3: 91}",79,Env10D0,0
2,1358,3,1361.1518987341772,"{0: 0, 1: 210, 2: 1150, 3: 91}",79,Env10D0,0
2,1358,3,1361.1518987341772,"{0: 0, 1: 210, 2: 1150, 3: 91}",79,Env10D0,0
3,2154,3,2190.148936170213,"{0: 0, 1: 244, 2: 1945, 3: 108}",94,Env10D1,0
2,2154,3,2190.148936170213,"{0: 0, 1: 244, 2: 1945, 3: 108}",94,Env10D1,0
2,2154,3,2190.148936170213,"{0: 0, 1: 244, 2: 1945, 3: 108}",94,Env10D1,0
2,2154,3,2190.148936170213,"{0: 0, 1: 244, 2: 1945, 3: 108}",94,Env10D1,0
2,2154,3,2190.148936170213,"{0: 0, 1: 244, 2: 1945, 3: 108}",94,Env10D1,0
2,2154,3,2190.148936170213,"{0: 0, 1: 244, 2: 1945, 3: 108}",94,Env10D1,0
2,2154,3,2190.148936170213,"{0: 0, 1: 244, 2: 1945, 3: 108}",94,Env10D1,0
4,2154,3,2190.148936170213,"{0: 0, 1: 244, 2: 1945, 3: 108}",94,Env10D1,0
1,2154,3,2190.148936170213,"{0: 0, 1: 244, 2: 1945, 3: 108}",94,Env10D1,0
1,2154,3,2190.148936170213,"{0: 0, 1: 244, 2: 1945, 3: 108}",94,Env10D1,0
1,2154,3,2190.148936170213,"{0: 0, 1: 244, 2: 1945, 3: 108}",94,Env10D1,0
2,2154,3,2190.148936170213,"{0: 0, 1: 244, 2: 1945, 3: 108}",94,Env10D1,0
2,2154,3,2190.148936170213,"{0: 0, 1: 244, 2: 1945, 3: 108}",94,Env10D1,0
3,2154,3,2190.148936170213,"{0: 0, 1: 244, 2: 1945, 3: 108}",94,Env10D1,0
3,2154,3,2190.148936170213,"{0: 0, 1: 244, 2: 1945, 3: 108}",94,Env10D1,0
2,2154,3,2190.148936170213,"{0: 0, 1: 244, 2: 1945, 3: 108}",94,Env10D1,0
3,2154,3,2190.148936170213,"{0: 0, 1: 244, 2: 1945, 3: 108}",94,Env10D1,0
1,2154,3,2190.148936170213,"{0: 0, 1: 244, 2: 1945, 3: 108}",94,Env10D1,0
1,2154,3,2190.148936170213,"{0: 0, 1: 244, 2: 1945, 3: 108}",94,Env10D1,0
1,2154,3,2190.148936170213,"{0: 0, 1: 244, 2: 1945, 3: 108}",94,Env10D1,0
4,2154,3,2190.148936170213,"{0: 0, 1: 244, 2: 1945, 3: 108}",94,Env10D1,0
2,2154,3,2190.148936170213,"{0: 0, 1: 244, 2: 1945, 3: 108}",94,Env10D1,0
2,2154,3,2190.148936170213,"{0: 0, 1: 244, 2: 1945, 3: 108}",94,Env10D1,0
2,2154,3,2190.148936170213,"{0: 0, 1: 244, 2: 1945, 3: 108}",94,Env10D1,0
2,2154,3,2190.148936170213,"{0: 0, 1: 244, 2: 1945, 3: 108}",94,Env10D1,0
2,2154,3,2190.148936170213,"{0: 0, 1: 244, 2: 1945, 3: 108}",94,Env10D1,0
2,2154,3,2190.148936170213,"{0: 0, 1: 244, 2: 1945, 3: 108}",94,Env10D1,0
3,144513,5,171499.75,"{0: 0, 1: 67, 2: 1968, 3: 26972, 4: 142376, 5: 467}",4,Env11D0
3,144513,5,171499.75,"{0: 0, 1: 67, 2: 1968, 3: 26972, 4: 142376, 5: 467}",4,Env11D0
3,144513,5,171499.75,"{0: 0, 1: 67, 2: 1968, 3: 26972, 4: 142376, 5: 467}",4,Env11D0
2,144513,5,171499.75,"{0: 0, 1: 67, 2: 1968, 3: 26972, 4: 142376, 5: 467}",4,Env11D0
2,144513,5,171499.75,"{0: 0, 1: 67, 2: 1968, 3: 26972, 4: 142376, 5: 467}",4,Env11D0
4,144513,5,171499.75,"{0: 0, 1: 67, 2: 1968, 3: 26972, 4: 142376, 5: 467}",4,Env11D0
4,144513,5,171499.75,"{0: 0, 1: 67, 2: 1968, 3: 26972, 4: 142376, 5: 467}",4,Env11D0
4,144513,5,171499.75,"{0: 0, 1: 67, 2: 1968, 3: 26972, 4: 142376, 5: 467}",4,Env11D0
3,144513,5,171499.75,"{0: 0, 1: 67, 2: 1968, 3: 26972, 4: 142376, 5: 467}",4,Env11D0
1,144513,5,171499.75,"{0: 0, 1: 67, 2: 1968, 3: 26972, 4: 142376, 5: 467}",4,Env11D0
1,144513,5,171499.75,"{0: 0, 1: 67, 2: 1968, 3: 26972, 4: 142376, 5: 467}",4,Env11D0
1,144513,5,171499.75,"{0: 0, 1: 67, 2: 1968, 3: 26972, 4: 142376, 5: 467}",4,Env11D0
1,144513,5,171499.75,"{0: 0, 1: 67, 2: 1968, 3: 26972, 4: 142376, 5: 467}",4,Env11D0
1,144513,5,171499.75,"{0: 0, 1: 67, 2: 1968, 3: 26972, 4: 142376, 5: 467}",4,Env11D0
4,144513,5,171499.75,"{0: 0, 1: 67, 2: 1968, 3: 26972, 4: 142376, 5: 467}",4,Env11D0
4,144513,5,171499.75,"{0: 0, 1: 67, 2: 1968, 3: 26972, 4: 142376, 5: 467}",4,Env11D0
4,144513,5,171499.75,"{0: 0, 1: 67, 2: 1968, 3: 26972, 4: 142376, 5: 467}",4,Env11D0
1,144513,5,171499.75,"{0: 0, 1: 67, 2: 1968, 3: 26972, 4: 142376, 5: 467}",4,Env11D0
4,144513,5,171499.75,"{0: 0, 1: 67, 2: 1968, 3: 26972, 4: 142376, 5: 467}",4,Env11D0
2,144513,5,171499.75,"{0: 0, 1: 67, 2: 1968, 3: 26972, 4: 142376, 5: 467}",4,Env11D0
2,144513,5,171499.75,"{0: 0, 1: 67, 2: 1968, 3: 26972, 4: 142376, 5: 467}",4,Env11D0
2,144513,5,171499.75,"{0: 0, 1: 67, 2: 1968, 3: 26972, 4: 142376, 5: 467}",4,Env11D0
2,144513,5,171499.75,"{0: 0, 1: 67, 2: 1968, 3: 26972, 4: 142376, 5: 467}",4,Env11D0
2,144513,5,171499.75,"{0: 0, 1: 67, 2: 1968, 3: 26972, 4: 142376, 5: 467}",4,Env11D0
3,144513,5,171499.75,"{0: 0, 1: 67, 2: 1968, 3: 26972, 4: 142376, 5: 467}",4,Env11D0
3,144513,5,171499.75,"{0: 0, 1: 67, 2: 1968, 3: 26972, 4: 142376, 5: 467}",4,Env11D0
3,144513,5,171499.75,"{0: 0, 1: 67, 2: 1968, 3: 26972, 4: 142376, 5: 467}",4,Env11D0
3,144513,5,171499.75,"{0: 0, 1: 67, 2: 1968, 3: 26972, 4: 142376, 5: 467}",4,Env11D0
1,144513,5,171499.75,"{0: 0, 1: 67, 2: 1968, 3: 26972, 4: 142376, 5: 467}",4,Env11D0
1,144513,5,171499.75,"{0: 0, 1: 67, 2: 1968, 3: 26972, 4: 142376, 5: 467}",4,Env11D0
1,144513,5,171499.75,"{0: 0, 1: 67, 2: 1968, 3: 26972, 4: 142376, 5: 467}",4,Env11D0
1,144513,5,171499.75,"{0: 0, 1: 67, 2: 1968, 3: 26972, 4: 142376, 5: 467}",4,Env11D0
1,144513,5,171499.75,"{0: 0, 1: 67, 2: 1968, 3: 26972, 4: 142376, 5: 467}",4,Env11D0
1,144513,5,171499.75,"{0: 0, 1: 67, 2: 1968, 3: 26972, 4: 142376, 5: 467}",4,Env11D0
1,144513,5,171499.75,"{0: 0, 1: 67, 2: 1968, 3: 26972, 4: 142376, 5: 467}",4,Env11D0
3,144513,5,171499.75,"{0: 0, 1: 67, 2: 1968, 3: 26972, 4: 142376, 5: 467}",4,Env11D0
3,144513,5,171499.75,"{0: 0, 1: 67, 2: 1968, 3: 26972, 4: 142376, 5: 467}",4,Env11D0
3,144513,5,171499.75,"{0: 0, 1: 67, 2: 1968, 3: 26972, 4: 142376, 5: 467}",4,Env11D0
4,144513,5,171499.75,"{0: 0, 1: 67, 2: 1968, 3: 26972, 4: 142376, 5: 467}",4,Env11D0
4,144513,5,171499.75,"{0: 0, 1: 67, 2: 1968, 3: 26972, 4: 142376, 5: 467}",4,Env11D0
4,144513,5,171499.75,"{0: 0, 1: 67, 2: 1968, 3: 26972, 4: 142376, 5: 467}",4,Env11D0
4,144513,5,171499.75,"{0: 0, 1: 67, 2: 1968, 3: 26972, 4: 142376, 5: 467}",4,Env11D0
4,144513,5,171499.75,"{0: 0, 1: 67, 2: 1968, 3: 26972, 4: 142376, 5: 467}",4,Env11D0
2,144513,5,171499.75,"{0: 0, 1: 67, 2: 1968, 3: 26972, 4: 142376, 5: 467}",4,Env11D0
4,144513,5,171499.75,"{0: 0, 1: 67, 2: 1968, 3: 26972, 4: 142376, 5: 467}",4,Env11D0
4,144513,5,171499.75,"{0: 0, 1: 67, 2: 1968, 3: 26972, 4: 142376, 5: 467}",4,Env11D0
1,144513,5,171499.75,"{0: 0, 1: 67, 2: 1968, 3: 26972, 4: 142376, 5: 467}",4,Env11D0
3,144513,5,171499.75,"{0: 0, 1: 67, 2: 1968, 3: 26972, 4: 142376, 5: 467}",4,Env11D0
3,144513,5,171499.75,"{0: 0, 1: 67, 2: 1968, 3: 26972, 4: 142376, 5: 467}",4,Env11D0
3,144513,5,171499.75,"{0: 0, 1: 67, 2: 1968, 3: 26972, 4: 142376, 5: 467}",4,Env11D0
3,144513,5,171499.75,"{0: 0, 1: 67, 2: 1968, 3: 26972, 4: 142376, 5: 467}",4,Env11D0
3,144513,5,171499.75,"{0: 0, 1: 67, 2: 1968, 3: 26972, 4: 142376, 5: 467}",4,Env11D0
3,144513,5,171499.75,"{0: 0, 1: 67, 2: 1968, 3: 26972, 4: 142376, 5: 467}",4,Env11D0
2,144513,5,171499.75,"{0: 0, 1: 67, 2: 1968, 3: 26972, 4: 142376, 5: 467}",4,Env11D0
2,144513,5,171499.75,"{0: 0, 1: 67, 2: 1968, 3: 26972, 4: 142376, 5: 467}",4,Env11D0
2,144513,5,171499.75,"{0: 0, 1: 67, 2: 1968, 3: 26972, 4: 142376, 5: 467}",4,Env11D0
2,144513,5,171499.75,"{0: 0, 1: 67, 2: 1968, 3: 26972, 4: 142376, 5: 467}",4,Env11D0
3,3320732,5,3748495.25,"{0: 0, 1: 112, 2: 7210, 3: 274423, 4: 3466748, 5: 9}",4,Env11D1
1,3320732,5,3748495.25,"{0: 0, 1: 112, 2: 7210, 3: 274423, 4: 3466748, 5: 9}",4,Env11D1
1,3320732,5,3748495.25,"{0: 0, 1: 112, 2: 7210, 3: 274423, 4: 3466748, 5: 9}",4,Env11D1
1,3320732,5,3748495.25,"{0: 0, 1: 112, 2: 7210, 3: 274423, 4: 3466748, 5: 9}",4,Env11D1
4,3320732,5,3748495.25,"{0: 0, 1: 112, 2: 7210, 3: 274423, 4: 3466748, 5: 9}",4,Env11D1
1,3320732,5,3748495.25,"{0: 0, 1: 112, 2: 7210, 3: 274423, 4: 3466748, 5: 9}",4,Env11D1
4,3320732,5,3748495.25,"{0: 0, 1: 112, 2: 7210, 3: 274423, 4: 3466748, 5: 9}",4,Env11D1
2,3320732,5,3748495.25,"{0: 0, 1: 112, 2: 7210, 3: 274423, 4: 3466748, 5: 9}",4,Env11D1
2,3320732,5,3748495.25,"{0: 0, 1: 112, 2: 7210, 3: 274423, 4: 3466748, 5: 9}",4,Env11D1
2,3320732,5,3748495.25,"{0: 0, 1: 112, 2: 7210, 3: 274423, 4: 3466748, 5: 9}",4,Env11D1
2,3320732,5,3748495.25,"{0: 0, 1: 112, 2: 7210, 3: 274423, 4: 3466748, 5: 9}",4,Env11D1
3,3320732,5,3748495.25,"{0: 0, 1: 112, 2: 7210, 3: 274423, 4: 3466748, 5: 9}",4,Env11D1
2,3320732,5,3748495.25,"{0: 0, 1: 112, 2: 7210, 3: 274423, 4: 3466748, 5: 9}",4,Env11D1
4,3320732,5,3748495.25,"{0: 0, 1: 112, 2: 7210, 3: 274423, 4: 3466748, 5: 9}",4,Env11D1
1,3320732,5,3748495.25,"{0: 0, 1: 112, 2: 7210, 3: 274423, 4: 3466748, 5: 9}",4,Env11D1
4,3320732,5,3748495.25,"{0: 0, 1: 112, 2: 7210, 3: 274423, 4: 3466748, 5: 9}",4,Env11D1
2,3320732,5,3748495.25,"{0: 0, 1: 112, 2: 7210, 3: 274423, 4: 3466748, 5: 9}",4,Env11D1
3,3320732,5,3748495.25,"{0: 0, 1: 112, 2: 7210, 3: 274423, 4: 3466748, 5: 9}",4,Env11D1
3,3320732,5,3748495.25,"{0: 0, 1: 112, 2: 7210, 3: 274423, 4: 3466748, 5: 9}",4,Env11D1
3,3320732,5,3748495.25,"{0: 0, 1: 112, 2: 7210, 3: 274423, 4: 3466748, 5: 9}",4,Env11D1
3,3320732,5,3748495.25,"{0: 0, 1: 112, 2: 7210, 3: 274423, 4: 3466748, 5: 9}",4,Env11D1
3,3320732,5,3748495.25,"{0: 0, 1: 112, 2: 7210, 3: 274423, 4: 3466748, 5: 9}",4,Env11D1
2,3320732,5,3748495.25,"{0: 0, 1: 112, 2: 7210, 3: 274423, 4: 3466748, 5: 9}",4,Env11D1
4,3320732,5,3748495.25,"{0: 0, 1: 112, 2: 7210, 3: 274423, 4: 3466748, 5: 9}",4,Env11D1
4,3320732,5,3748495.25,"{0: 0, 1: 112, 2: 7210, 3: 274423, 4: 3466748, 5: 9}",4,Env11D1
1,3320732,5,3748495.25,"{0: 0, 1: 112, 2: 7210, 3: 274423, 4: 3466748, 5: 9}",4,Env11D1
1,3320732,5,3748495.25,"{0: 0, 1: 112, 2: 7210, 3: 274423, 4: 3466748, 5: 9}",4,Env11D1
1,3320732,5,3748495.25,"{0: 0, 1: 112, 2: 7210, 3: 274423, 4: 3466748, 5: 9}",4,Env11D1
1,3320732,5,3748495.25,"{0: 0, 1: 112, 2: 7210, 3: 274423, 4: 3466748, 5: 9}",4,Env11D1
1,3320732,5,3748495.25,"{0: 0, 1: 112, 2: 7210, 3: 274423, 4: 3466748, 5: 9}",4,Env11D1
1,3320732,5,3748495.25,"{0: 0, 1: 112, 2: 7210, 3: 274423, 4: 3466748, 5: 9}",4,Env11D1
1,3320732,5,3748495.25,"{0: 0, 1: 112, 2: 7210, 3: 274423, 4: 3466748, 5: 9}",4,Env11D1
1,3320732,5,3748495.25,"{0: 0, 1: 112, 2: 7210, 3: 274423, 4: 3466748, 5: 9}",4,Env11D1
3,3320732,5,3748495.25,"{0: 0, 1: 112, 2: 7210, 3: 274423, 4: 3466748, 5: 9}",4,Env11D1
3,3320732,5,3748495.25,"{0: 0, 1: 112, 2: 7210, 3: 274423, 4: 3466748, 5: 9}",4,Env11D1
3,3320732,5,3748495.25,"{0: 0, 1: 112, 2: 7210, 3: 274423, 4: 3466748, 5: 9}",4,Env11D1
4,3320732,5,3748495.25,"{0: 0, 1: 112, 2: 7210, 3: 274423, 4: 3466748, 5: 9}",4,Env11D1
4,3320732,5,3748495.25,"{0: 0, 1: 112, 2: 7210, 3: 274423, 4: 3466748, 5: 9}",4,Env11D1
4,3320732,5,3748495.25,"{0: 0, 1: 112, 2: 7210, 3: 274423, 4: 3466748, 5: 9}",4,Env11D1
4,3320732,5,3748495.25,"{0: 0, 1: 112, 2: 7210, 3: 274423, 4: 3466748, 5: 9}",4,Env11D1
4,3320732,5,3748495.25,"{0: 0, 1: 112, 2: 7210, 3: 274423, 4: 3466748, 5: 9}",4,Env11D1
2,3320732,5,3748495.25,"{0: 0, 1: 112, 2: 7210, 3: 274423, 4: 3466748, 5: 9}",4,Env11D1
4,3320732,5,3748495.25,"{0: 0, 1: 112, 2: 7210, 3: 274423, 4: 3466748, 5: 9}",4,Env11D1
4,3320732,5,3748495.25,"{0: 0, 1: 112, 2: 7210, 3: 274423, 4: 3466748, 5: 9}",4,Env11D1
1,3320732,5,3748495.25,"{0: 0, 1: 112, 2: 7210, 3: 274423, 4: 3466748, 5: 9}",4,Env11D1
3,3320732,5,3748495.25,"{0: 0, 1: 112, 2: 7210, 3: 274423, 4: 3466748, 5: 9}",4,Env11D1
3,3320732,5,3748495.25,"{0: 0, 1: 112, 2: 7210, 3: 274423, 4: 3466748, 5: 9}",4,Env11D1
3,3320732,5,3748495.25,"{0: 0, 1: 112, 2: 7210, 3: 274423, 4: 3466748, 5: 9}",4,Env11D1
3,3320732,5,3748495.25,"{0: 0, 1: 112, 2: 7210, 3: 274423, 4: 3466748, 5: 9}",4,Env11D1
3,3320732,5,3748495.25,"{0: 0, 1: 112, 2: 7210, 3: 274423, 4: 3466748, 5: 9}",4,Env11D1
3,3320732,5,3748495.25,"{0: 0, 1: 112, 2: 7210, 3: 274423, 4: 3466748, 5: 9}",4,Env11D1
2,3320732,5,3748495.25,"{0: 0, 1: 112, 2: 7210, 3: 274423, 4: 3466748, 5: 9}",4,Env11D1
2,3320732,5,3748495.25,"{0: 0, 1: 112, 2: 7210, 3: 274423, 4: 3466748, 5: 9}",4,Env11D1
2,3320732,5,3748495.25,"{0: 0, 1: 112, 2: 7210, 3: 274423, 4: 3466748, 5: 9}",4,Env11D1
2,3320732,5,3748495.25,"{0: 0, 1: 112, 2: 7210, 3: 274423, 4: 3466748, 5: 9}",4,Env11D1
2,94,2,104.0,"{0: 0, 1: 103, 2: 1}",1,Env12D0,0
2,94,2,104.0,"{0: 0, 1: 103, 2: 1}",1,Env12D0,0
2,94,2,104.0,"{0: 0, 1: 103, 2: 1}",1,Env12D0,0
2,94,2,104.0,"{0: 0, 1: 103, 2: 1}",1,Env12D0,0
2,94,2,104.0,"{0: 0, 1: 103, 2: 1}",1,Env12D0,0
2,94,2,104.0,"{0: 0, 1: 103, 2: 1}",1,Env12D0,0
3,94,2,104.0,"{0: 0, 1: 103, 2: 1}",1,Env12D0,0
3,94,2,104.0,"{0: 0, 1: 103, 2: 1}",1,Env12D0,0
1,94,2,104.0,"{0: 0, 1: 103, 2: 1}",1,Env12D0,0
1,94,2,104.0,"{0: 0, 1: 103, 2: 1}",1,Env12D0,0
1,94,2,104.0,"{0: 0, 1: 103, 2: 1}",1,Env12D0,0
3,94,2,104.0,"{0: 0, 1: 103, 2: 1}",1,Env12D0,0
1,94,2,104.0,"{0: 0, 1: 103, 2: 1}",1,Env12D0,0
4,94,2,104.0,"{0: 0, 1: 103, 2: 1}",1,Env12D0,0
4,94,2,104.0,"{0: 0, 1: 103, 2: 1}",1,Env12D0,0
4,94,2,104.0,"{0: 0, 1: 103, 2: 1}",1,Env12D0,0
4,94,2,104.0,"{0: 0, 1: 103, 2: 1}",1,Env12D0,0
4,94,2,104.0,"{0: 0, 1: 103, 2: 1}",1,Env12D0,0
4,94,2,104.0,"{0: 0, 1: 103, 2: 1}",1,Env12D0,0
4,94,2,104.0,"{0: 0, 1: 103, 2: 1}",1,Env12D0,0
4,94,2,104.0,"{0: 0, 1: 103, 2: 1}",1,Env12D0,0
2,94,2,104.0,"{0: 0, 1: 103, 2: 1}",1,Env12D0,0
4,94,2,104.0,"{0: 0, 1: 103, 2: 1}",1,Env12D0,0
1,94,2,104.0,"{0: 0, 1: 103, 2: 1}",1,Env12D0,0
1,94,2,104.0,"{0: 0, 1: 103, 2: 1}",1,Env12D0,0
1,94,2,104.0,"{0: 0, 1: 103, 2: 1}",1,Env12D0,0
3,94,2,104.0,"{0: 0, 1: 103, 2: 1}",1,Env12D0,0
2,94,2,104.0,"{0: 0, 1: 103, 2: 1}",1,Env12D0,0
2,94,2,104.0,"{0: 0, 1: 103, 2: 1}",1,Env12D0,0
2,94,2,104.0,"{0: 0, 1: 103, 2: 1}",1,Env12D0,0
2,94,2,104.0,"{0: 0, 1: 103, 2: 1}",1,Env12D0,0
2,240,2,254.0,"{0: 0, 1: 253, 2: 1}",1,Env12D1,0
2,240,2,254.0,"{0: 0, 1: 253, 2: 1}",1,Env12D1,0
2,240,2,254.0,"{0: 0, 1: 253, 2: 1}",1,Env12D1,0
2,240,2,254.0,"{0: 0, 1: 253, 2: 1}",1,Env12D1,0
2,240,2,254.0,"{0: 0, 1: 253, 2: 1}",1,Env12D1,0
2,240,2,254.0,"{0: 0, 1: 253, 2: 1}",1,Env12D1,0
3,240,2,254.0,"{0: 0, 1: 253, 2: 1}",1,Env12D1,0
3,240,2,254.0,"{0: 0, 1: 253, 2: 1}",1,Env12D1,0
1,240,2,254.0,"{0: 0, 1: 253, 2: 1}",1,Env12D1,0
1,240,2,254.0,"{0: 0, 1: 253, 2: 1}",1,Env12D1,0
1,240,2,254.0,"{0: 0, 1: 253, 2: 1}",1,Env12D1,0
3,240,2,254.0,"{0: 0, 1: 253, 2: 1}",1,Env12D1,0
1,240,2,254.0,"{0: 0, 1: 253, 2: 1}",1,Env12D1,0
4,240,2,254.0,"{0: 0, 1: 253, 2: 1}",1,Env12D1,0
4,240,2,254.0,"{0: 0, 1: 253, 2: 1}",1,Env12D1,0
4,240,2,254.0,"{0: 0, 1: 253, 2: 1}",1,Env12D1,0
4,240,2,254.0,"{0: 0, 1: 253, 2: 1}",1,Env12D1,0
4,240,2,254.0,"{0: 0, 1: 253, 2: 1}",1,Env12D1,0
2,240,2,254.0,"{0: 0, 1: 253, 2: 1}",1,Env12D1,0
4,240,2,254.0,"{0: 0, 1: 253, 2: 1}",1,Env12D1,0
1,240,2,254.0,"{0: 0, 1: 253, 2: 1}",1,Env12D1,0
1,240,2,254.0,"{0: 0, 1: 253, 2: 1}",1,Env12D1,0
3,240,2,254.0,"{0: 0, 1: 253, 2: 1}",1,Env12D1,0
1,240,2,254.0,"{0: 0, 1: 253, 2: 1}",1,Env12D1,0
4,240,2,254.0,"{0: 0, 1: 253, 2: 1}",1,Env12D1,0
4,240,2,254.0,"{0: 0, 1: 253, 2: 1}",1,Env12D1,0
4,240,2,254.0,"{0: 0, 1: 253, 2: 1}",1,Env12D1,0
2,240,2,254.0,"{0: 0, 1: 253, 2: 1}",1,Env12D1,0
4,240,2,254.0,"{0: 0, 1: 253, 2: 1}",1,Env12D1,0
1,240,2,254.0,"{0: 0, 1: 253, 2: 1}",1,Env12D1,0
3,240,2,254.0,"{0: 0, 1: 253, 2: 1}",1,Env12D1,0
2,240,2,254.0,"{0: 0, 1: 253, 2: 1}",1,Env12D1,0
2,240,2,254.0,"{0: 0, 1: 253, 2: 1}",1,Env12D1,0
2,240,2,254.0,"{0: 0, 1: 253, 2: 1}",1,Env12D1,0
2,240,2,254.0,"{0: 0, 1: 253, 2: 1}",1,Env12D1,0
4,2523,3,2733.4,"{0: 0, 1: 191, 2: 2540, 3: 24}",10,Env13D0
4,2523,3,2733.4,"{0: 0, 1: 191, 2: 2540, 3: 24}",10,Env13D0
4,2523,3,2733.4,"{0: 0, 1: 191, 2: 2540, 3: 24}",10,Env13D0
4,2523,3,2733.4,"{0: 0, 1: 191, 2: 2540, 3: 24}",10,Env13D0
2,2523,3,2733.4,"{0: 0, 1: 191, 2: 2540, 3: 24}",10,Env13D0
2,2523,3,2733.4,"{0: 0, 1: 191, 2: 2540, 3: 24}",10,Env13D0
2,2523,3,2733.4,"{0: 0, 1: 191, 2: 2540, 3: 24}",10,Env13D0
3,2523,3,2733.4,"{0: 0, 1: 191, 2: 2540, 3: 24}",10,Env13D0
1,2523,3,2733.4,"{0: 0, 1: 191, 2: 2540, 3: 24}",10,Env13D0
3,2523,3,2733.4,"{0: 0, 1: 191, 2: 2540, 3: 24}",10,Env13D0
2,2523,3,2733.4,"{0: 0, 1: 191, 2: 2540, 3: 24}",10,Env13D0
2,2523,3,2733.4,"{0: 0, 1: 191, 2: 2540, 3: 24}",10,Env13D0
2,2523,3,2733.4,"{0: 0, 1: 191, 2: 2540, 3: 24}",10,Env13D0
4,2523,3,2733.4,"{0: 0, 1: 191, 2: 2540, 3: 24}",10,Env13D0
2,2523,3,2733.4,"{0: 0, 1: 191, 2: 2540, 3: 24}",10,Env13D0
3,2523,3,2733.4,"{0: 0, 1: 191, 2: 2540, 3: 24}",10,Env13D0
1,2523,3,2733.4,"{0: 0, 1: 191, 2: 2540, 3: 24}",10,Env13D0
3,2523,3,2733.4,"{0: 0, 1: 191, 2: 2540, 3: 24}",10,Env13D0
2,2523,3,2733.4,"{0: 0, 1: 191, 2: 2540, 3: 24}",10,Env13D0
4,2523,3,2733.4,"{0: 0, 1: 191, 2: 2540, 3: 24}",10,Env13D0
1,2523,3,2733.4,"{0: 0, 1: 191, 2: 2540, 3: 24}",10,Env13D0
1,2523,3,2733.4,"{0: 0, 1: 191, 2: 2540, 3: 24}",10,Env13D0
1,2523,3,2733.4,"{0: 0, 1: 191, 2: 2540, 3: 24}",10,Env13D0
1,2523,3,2733.4,"{0: 0, 1: 191, 2: 2540, 3: 24}",10,Env13D0
1,2523,3,2733.4,"{0: 0, 1: 191, 2: 2540, 3: 24}",10,Env13D0
4,2523,3,2733.4,"{0: 0, 1: 191, 2: 2540, 3: 24}",10,Env13D0
2,2523,3,2733.4,"{0: 0, 1: 191, 2: 2540, 3: 24}",10,Env13D0
2,2523,3,2733.4,"{0: 0, 1: 191, 2: 2540, 3: 24}",10,Env13D0
2,2523,3,2733.4,"{0: 0, 1: 191, 2: 2540, 3: 24}",10,Env13D0
2,2523,3,2733.4,"{0: 0, 1: 191, 2: 2540, 3: 24}",10,Env13D0
2,2523,3,2733.4,"{0: 0, 1: 191, 2: 2540, 3: 24}",10,Env13D0
4,126734,4,135454.03125,"{0: 0, 1: 277, 2: 8547, 3: 126624, 4: 965}",160,Env13D1
4,126734,4,135454.03125,"{0: 0, 1: 277, 2: 8547, 3: 126624, 4: 965}",160,Env13D1
4,126734,4,135454.03125,"{0: 0, 1: 277, 2: 8547, 3: 126624, 4: 965}",160,Env13D1
4,126734,4,135454.03125,"{0: 0, 1: 277, 2: 8547, 3: 126624, 4: 965}",160,Env13D1
2,126734,4,135454.03125,"{0: 0, 1: 277, 2: 8547, 3: 126624, 4: 965}",160,Env13D1
2,126734,4,135454.03125,"{0: 0, 1: 277, 2: 8547, 3: 126624, 4: 965}",160,Env13D1
2,126734,4,135454.03125,"{0: 0, 1: 277, 2: 8547, 3: 126624, 4: 965}",160,Env13D1
3,126734,4,135454.03125,"{0: 0, 1: 277, 2: 8547, 3: 126624, 4: 965}",160,Env13D1
1,126734,4,135454.03125,"{0: 0, 1: 277, 2: 8547, 3: 126624, 4: 965}",160,Env13D1
3,126734,4,135454.03125,"{0: 0, 1: 277, 2: 8547, 3: 126624, 4: 965}",160,Env13D1
2,126734,4,135454.03125,"{0: 0, 1: 277, 2: 8547, 3: 126624, 4: 965}",160,Env13D1
4,126734,4,135454.03125,"{0: 0, 1: 277, 2: 8547, 3: 126624, 4: 965}",160,Env13D1
4,126734,4,135454.03125,"{0: 0, 1: 277, 2: 8547, 3: 126624, 4: 965}",160,Env13D1
2,126734,4,135454.03125,"{0: 0, 1: 277, 2: 8547, 3: 126624, 4: 965}",160,Env13D1
2,126734,4,135454.03125,"{0: 0, 1: 277, 2: 8547, 3: 126624, 4: 965}",160,Env13D1
2,126734,4,135454.03125,"{0: 0, 1: 277, 2: 8547, 3: 126624, 4: 965}",160,Env13D1
2,126734,4,135454.03125,"{0: 0, 1: 277, 2: 8547, 3: 126624, 4: 965}",160,Env13D1
3,126734,4,135454.03125,"{0: 0, 1: 277, 2: 8547, 3: 126624, 4: 965}",160,Env13D1
1,126734,4,135454.03125,"{0: 0, 1: 277, 2: 8547, 3: 126624, 4: 965}",160,Env13D1
1,126734,4,135454.03125,"{0: 0, 1: 277, 2: 8547, 3: 126624, 4: 965}",160,Env13D1
1,126734,4,135454.03125,"{0: 0, 1: 277, 2: 8547, 3: 126624, 4: 965}",160,Env13D1
4,126734,4,135454.03125,"{0: 0, 1: 277, 2: 8547, 3: 126624, 4: 965}",160,Env13D1
1,126734,4,135454.03125,"{0: 0, 1: 277, 2: 8547, 3: 126624, 4: 965}",160,Env13D1
3,126734,4,135454.03125,"{0: 0, 1: 277, 2: 8547, 3: 126624, 4: 965}",160,Env13D1
4,126734,4,135454.03125,"{0: 0, 1: 277, 2: 8547, 3: 126624, 4: 965}",160,Env13D1
1,126734,4,135454.03125,"{0: 0, 1: 277, 2: 8547, 3: 126624, 4: 965}",160,Env13D1
1,126734,4,135454.03125,"{0: 0, 1: 277, 2: 8547, 3: 126624, 4: 965}",160,Env13D1
3,126734,4,135454.03125,"{0: 0, 1: 277, 2: 8547, 3: 126624, 4: 965}",160,Env13D1
2,126734,4,135454.03125,"{0: 0, 1: 277, 2: 8547, 3: 126624, 4: 965}",160,Env13D1
2,126734,4,135454.03125,"{0: 0, 1: 277, 2: 8547, 3: 126624, 4: 965}",160,Env13D1
2,126734,4,135454.03125,"{0: 0, 1: 277, 2: 8547, 3: 126624, 4: 965}",160,Env13D1
2,126734,4,135454.03125,"{0: 0, 1: 277, 2: 8547, 3: 126624, 4: 965}",160,Env13D1
2,126734,4,135454.03125,"{0: 0, 1: 277, 2: 8547, 3: 126624, 4: 965}",160,Env13D1
2,126734,4,135454.03125,"{0: 0, 1: 277, 2: 8547, 3: 126624, 4: 965}",160,Env13D1
4,126734,4,135454.03125,"{0: 0, 1: 277, 2: 8547, 3: 126624, 4: 965}",160,Env13D1
2,126734,4,135454.03125,"{0: 0, 1: 277, 2: 8547, 3: 126624, 4: 965}",160,Env13D1
3,126734,4,135454.03125,"{0: 0, 1: 277, 2: 8547, 3: 126624, 4: 965}",160,Env13D1
1,126734,4,135454.03125,"{0: 0, 1: 277, 2: 8547, 3: 126624, 4: 965}",160,Env13D1
1,126734,4,135454.03125,"{0: 0, 1: 277, 2: 8547, 3: 126624, 4: 965}",160,Env13D1
1,126734,4,135454.03125,"{0: 0, 1: 277, 2: 8547, 3: 126624, 4: 965}",160,Env13D1
1,126734,4,135454.03125,"{0: 0, 1: 277, 2: 8547, 3: 126624, 4: 965}",160,Env13D1
3,126734,4,135454.03125,"{0: 0, 1: 277, 2: 8547, 3: 126624, 4: 965}",160,Env13D1
2,126734,4,135454.03125,"{0: 0, 1: 277, 2: 8547, 3: 126624, 4: 965}",160,Env13D1
4,4734,4,5778.0,"{0: 0, 1: 167, 2: 1799, 3: 3811, 4: 1}",1,Env14D0
4,4734,4,5778.0,"{0: 0, 1: 167, 2: 1799, 3: 3811, 4: 1}",1,Env14D0
2,4734,4,5778.0,"{0: 0, 1: 167, 2: 1799, 3: 3811, 4: 1}",1,Env14D0
2,4734,4,5778.0,"{0: 0, 1: 167, 2: 1799, 3: 3811, 4: 1}",1,Env14D0
4,4734,4,5778.0,"{0: 0, 1: 167, 2: 1799, 3: 3811, 4: 1}",1,Env14D0
4,4734,4,5778.0,"{0: 0, 1: 167, 2: 1799, 3: 3811, 4: 1}",1,Env14D0
1,4734,4,5778.0,"{0: 0, 1: 167, 2: 1799, 3: 3811, 4: 1}",1,Env14D0
3,4734,4,5778.0,"{0: 0, 1: 167, 2: 1799, 3: 3811, 4: 1}",1,Env14D0
3,4734,4,5778.0,"{0: 0, 1: 167, 2: 1799, 3: 3811, 4: 1}",1,Env14D0
3,4734,4,5778.0,"{0: 0, 1: 167, 2: 1799, 3: 3811, 4: 1}",1,Env14D0
3,4734,4,5778.0,"{0: 0, 1: 167, 2: 1799, 3: 3811, 4: 1}",1,Env14D0
2,4734,4,5778.0,"{0: 0, 1: 167, 2: 1799, 3: 3811, 4: 1}",1,Env14D0
3,4734,4,5778.0,"{0: 0, 1: 167, 2: 1799, 3: 3811, 4: 1}",1,Env14D0
1,4734,4,5778.0,"{0: 0, 1: 167, 2: 1799, 3: 3811, 4: 1}",1,Env14D0
1,4734,4,5778.0,"{0: 0, 1: 167, 2: 1799, 3: 3811, 4: 1}",1,Env14D0
1,4734,4,5778.0,"{0: 0, 1: 167, 2: 1799, 3: 3811, 4: 1}",1,Env14D0
4,4734,4,5778.0,"{0: 0, 1: 167, 2: 1799, 3: 3811, 4: 1}",1,Env14D0
4,4734,4,5778.0,"{0: 0, 1: 167, 2: 1799, 3: 3811, 4: 1}",1,Env14D0
2,4734,4,5778.0,"{0: 0, 1: 167, 2: 1799, 3: 3811, 4: 1}",1,Env14D0
2,4734,4,5778.0,"{0: 0, 1: 167, 2: 1799, 3: 3811, 4: 1}",1,Env14D0
3,4734,4,5778.0,"{0: 0, 1: 167, 2: 1799, 3: 3811, 4: 1}",1,Env14D0
2,4734,4,5778.0,"{0: 0, 1: 167, 2: 1799, 3: 3811, 4: 1}",1,Env14D0
3,4734,4,5778.0,"{0: 0, 1: 167, 2: 1799, 3: 3811, 4: 1}",1,Env14D0
1,4734,4,5778.0,"{0: 0, 1: 167, 2: 1799, 3: 3811, 4: 1}",1,Env14D0
1,4734,4,5778.0,"{0: 0, 1: 167, 2: 1799, 3: 3811, 4: 1}",1,Env14D0
1,4734,4,5778.0,"{0: 0, 1: 167, 2: 1799, 3: 3811, 4: 1}",1,Env14D0
1,4734,4,5778.0,"{0: 0, 1: 167, 2: 1799, 3: 3811, 4: 1}",1,Env14D0
1,4734,4,5778.0,"{0: 0, 1: 167, 2: 1799, 3: 3811, 4: 1}",1,Env14D0
3,4734,4,5778.0,"{0: 0, 1: 167, 2: 1799, 3: 3811, 4: 1}",1,Env14D0
3,4734,4,5778.0,"{0: 0, 1: 167, 2: 1799, 3: 3811, 4: 1}",1,Env14D0
1,4734,4,5778.0,"{0: 0, 1: 167, 2: 1799, 3: 3811, 4: 1}",1,Env14D0
4,4734,4,5778.0,"{0: 0, 1: 167, 2: 1799, 3: 3811, 4: 1}",1,Env14D0
2,4734,4,5778.0,"{0: 0, 1: 167, 2: 1799, 3: 3811, 4: 1}",1,Env14D0
4,4734,4,5778.0,"{0: 0, 1: 167, 2: 1799, 3: 3811, 4: 1}",1,Env14D0
2,4734,4,5778.0,"{0: 0, 1: 167, 2: 1799, 3: 3811, 4: 1}",1,Env14D0
2,4734,4,5778.0,"{0: 0, 1: 167, 2: 1799, 3: 3811, 4: 1}",1,Env14D0
2,4734,4,5778.0,"{0: 0, 1: 167, 2: 1799, 3: 3811, 4: 1}",1,Env14D0
2,4734,4,5778.0,"{0: 0, 1: 167, 2: 1799, 3: 3811, 4: 1}",1,Env14D0
2,4734,4,5778.0,"{0: 0, 1: 167, 2: 1799, 3: 3811, 4: 1}",1,Env14D0
2,4734,4,5778.0,"{0: 0, 1: 167, 2: 1799, 3: 3811, 4: 1}",1,Env14D0
4,40981,4,46343.0,"{0: 0, 1: 230, 2: 4626, 3: 40960, 4: 527}",1,Env14D1
4,40981,4,46343.0,"{0: 0, 1: 230, 2: 4626, 3: 40960, 4: 527}",1,Env14D1
2,40981,4,46343.0,"{0: 0, 1: 230, 2: 4626, 3: 40960, 4: 527}",1,Env14D1
2,40981,4,46343.0,"{0: 0, 1: 230, 2: 4626, 3: 40960, 4: 527}",1,Env14D1
4,40981,4,46343.0,"{0: 0, 1: 230, 2: 4626, 3: 40960, 4: 527}",1,Env14D1
4,40981,4,46343.0,"{0: 0, 1: 230, 2: 4626, 3: 40960, 4: 527}",1,Env14D1
1,40981,4,46343.0,"{0: 0, 1: 230, 2: 4626, 3: 40960, 4: 527}",1,Env14D1
3,40981,4,46343.0,"{0: 0, 1: 230, 2: 4626, 3: 40960, 4: 527}",1,Env14D1
3,40981,4,46343.0,"{0: 0, 1: 230, 2: 4626, 3: 40960, 4: 527}",1,Env14D1
3,40981,4,46343.0,"{0: 0, 1: 230, 2: 4626, 3: 40960, 4: 527}",1,Env14D1
2,40981,4,46343.0,"{0: 0, 1: 230, 2: 4626, 3: 40960, 4: 527}",1,Env14D1
3,40981,4,46343.0,"{0: 0, 1: 230, 2: 4626, 3: 40960, 4: 527}",1,Env14D1
1,40981,4,46343.0,"{0: 0, 1: 230, 2: 4626, 3: 40960, 4: 527}",1,Env14D1
1,40981,4,46343.0,"{0: 0, 1: 230, 2: 4626, 3: 40960, 4: 527}",1,Env14D1
4,40981,4,46343.0,"{0: 0, 1: 230, 2: 4626, 3: 40960, 4: 527}",1,Env14D1
1,40981,4,46343.0,"{0: 0, 1: 230, 2: 4626, 3: 40960, 4: 527}",1,Env14D1
3,40981,4,46343.0,"{0: 0, 1: 230, 2: 4626, 3: 40960, 4: 527}",1,Env14D1
2,40981,4,46343.0,"{0: 0, 1: 230, 2: 4626, 3: 40960, 4: 527}",1,Env14D1
3,40981,4,46343.0,"{0: 0, 1: 230, 2: 4626, 3: 40960, 4: 527}",1,Env14D1
1,40981,4,46343.0,"{0: 0, 1: 230, 2: 4626, 3: 40960, 4: 527}",1,Env14D1
4,40981,4,46343.0,"{0: 0, 1: 230, 2: 4626, 3: 40960, 4: 527}",1,Env14D1
4,40981,4,46343.0,"{0: 0, 1: 230, 2: 4626, 3: 40960, 4: 527}",1,Env14D1
2,40981,4,46343.0,"{0: 0, 1: 230, 2: 4626, 3: 40960, 4: 527}",1,Env14D1
2,40981,4,46343.0,"{0: 0, 1: 230, 2: 4626, 3: 40960, 4: 527}",1,Env14D1
3,40981,4,46343.0,"{0: 0, 1: 230, 2: 4626, 3: 40960, 4: 527}",1,Env14D1
2,40981,4,46343.0,"{0: 0, 1: 230, 2: 4626, 3: 40960, 4: 527}",1,Env14D1
3,40981,4,46343.0,"{0: 0, 1: 230, 2: 4626, 3: 40960, 4: 527}",1,Env14D1
1,40981,4,46343.0,"{0: 0, 1: 230, 2: 4626, 3: 40960, 4: 527}",1,Env14D1
1,40981,4,46343.0,"{0: 0, 1: 230, 2: 4626, 3: 40960, 4: 527}",1,Env14D1
1,40981,4,46343.0,"{0: 0, 1: 230, 2: 4626, 3: 40960, 4: 527}",1,Env14D1
1,40981,4,46343.0,"{0: 0, 1: 230, 2: 4626, 3: 40960, 4: 527}",1,Env14D1
1,40981,4,46343.0,"{0: 0, 1: 230, 2: 4626, 3: 40960, 4: 527}",1,Env14D1
3,40981,4,46343.0,"{0: 0, 1: 230, 2: 4626, 3: 40960, 4: 527}",1,Env14D1
3,40981,4,46343.0,"{0: 0, 1: 230, 2: 4626, 3: 40960, 4: 527}",1,Env14D1
1,40981,4,46343.0,"{0: 0, 1: 230, 2: 4626, 3: 40960, 4: 527}",1,Env14D1
4,40981,4,46343.0,"{0: 0, 1: 230, 2: 4626, 3: 40960, 4: 527}",1,Env14D1
2,40981,4,46343.0,"{0: 0, 1: 230, 2: 4626, 3: 40960, 4: 527}",1,Env14D1
4,40981,4,46343.0,"{0: 0, 1: 230, 2: 4626, 3: 40960, 4: 527}",1,Env14D1
2,40981,4,46343.0,"{0: 0, 1: 230, 2: 4626, 3: 40960, 4: 527}",1,Env14D1
2,40981,4,46343.0,"{0: 0, 1: 230, 2: 4626, 3: 40960, 4: 527}",1,Env14D1
2,40981,4,46343.0,"{0: 0, 1: 230, 2: 4626, 3: 40960, 4: 527}",1,Env14D1
2,40981,4,46343.0,"{0: 0, 1: 230, 2: 4626, 3: 40960, 4: 527}",1,Env14D1
2,40981,4,46343.0,"{0: 0, 1: 230, 2: 4626, 3: 40960, 4: 527}",1,Env14D1
2,40981,4,46343.0,"{0: 0, 1: 230, 2: 4626, 3: 40960, 4: 527}",1,Env14D1
4,4615,3,5120.0,"{0: 0, 1: 94, 2: 5025, 3: 9}",9,Env15D0,0
1,4615,3,5120.0,"{0: 0, 1: 94, 2: 5025, 3: 9}",9,Env15D0,0
1,4615,3,5120.0,"{0: 0, 1: 94, 2: 5025, 3: 9}",9,Env15D0,0
4,4615,3,5120.0,"{0: 0, 1: 94, 2: 5025, 3: 9}",9,Env15D0,0
4,4615,3,5120.0,"{0: 0, 1: 94, 2: 5025, 3: 9}",9,Env15D0,0
4,4615,3,5120.0,"{0: 0, 1: 94, 2: 5025, 3: 9}",9,Env15D0,0
4,4615,3,5120.0,"{0: 0, 1: 94, 2: 5025, 3: 9}",9,Env15D0,0
4,4615,3,5120.0,"{0: 0, 1: 94, 2: 5025, 3: 9}",9,Env15D0,0
4,4615,3,5120.0,"{0: 0, 1: 94, 2: 5025, 3: 9}",9,Env15D0,0
2,4615,3,5120.0,"{0: 0, 1: 94, 2: 5025, 3: 9}",9,Env15D0,0
4,4615,3,5120.0,"{0: 0, 1: 94, 2: 5025, 3: 9}",9,Env15D0,0
1,4615,3,5120.0,"{0: 0, 1: 94, 2: 5025, 3: 9}",9,Env15D0,0
3,4615,3,5120.0,"{0: 0, 1: 94, 2: 5025, 3: 9}",9,Env15D0,0
3,4615,3,5120.0,"{0: 0, 1: 94, 2: 5025, 3: 9}",9,Env15D0,0
3,4615,3,5120.0,"{0: 0, 1: 94, 2: 5025, 3: 9}",9,Env15D0,0
3,4615,3,5120.0,"{0: 0, 1: 94, 2: 5025, 3: 9}",9,Env15D0,0
3,4615,3,5120.0,"{0: 0, 1: 94, 2: 5025, 3: 9}",9,Env15D0,0
3,4615,3,5120.0,"{0: 0, 1: 94, 2: 5025, 3: 9}",9,Env15D0,0
3,4615,3,5120.0,"{0: 0, 1: 94, 2: 5025, 3: 9}",9,Env15D0,0
1,4615,3,5120.0,"{0: 0, 1: 94, 2: 5025, 3: 9}",9,Env15D0,0
4,4615,3,5120.0,"{0: 0, 1: 94, 2: 5025, 3: 9}",9,Env15D0,0
4,4615,3,5120.0,"{0: 0, 1: 94, 2: 5025, 3: 9}",9,Env15D0,0
4,4615,3,5120.0,"{0: 0, 1: 94, 2: 5025, 3: 9}",9,Env15D0,0
4,4615,3,5120.0,"{0: 0, 1: 94, 2: 5025, 3: 9}",9,Env15D0,0
4,4615,3,5120.0,"{0: 0, 1: 94, 2: 5025, 3: 9}",9,Env15D0,0
3,4615,3,5120.0,"{0: 0, 1: 94, 2: 5025, 3: 9}",9,Env15D0,0
4,24821,3,26097.0,"{0: 0, 1: 218, 2: 25878, 3: 9}",9,Env15D1,0
1,24821,3,26097.0,"{0: 0, 1: 218, 2: 25878, 3: 9}",9,Env15D1,0
1,24821,3,26097.0,"{0: 0, 1: 218, 2: 25878, 3: 9}",9,Env15D1,0
4,24821,3,26097.0,"{0: 0, 1: 218, 2: 25878, 3: 9}",9,Env15D1,0
4,24821,3,26097.0,"{0: 0, 1: 218, 2: 25878, 3: 9}",9,Env15D1,0
4,24821,3,26097.0,"{0: 0, 1: 218, 2: 25878, 3: 9}",9,Env15D1,0
4,24821,3,26097.0,"{0: 0, 1: 218, 2: 25878, 3: 9}",9,Env15D1,0
4,24821,3,26097.0,"{0: 0, 1: 218, 2: 25878, 3: 9}",9,Env15D1,0
4,24821,3,26097.0,"{0: 0, 1: 218, 2: 25878, 3: 9}",9,Env15D1,0
2,24821,3,26097.0,"{0: 0, 1: 218, 2: 25878, 3: 9}",9,Env15D1,0
4,24821,3,26097.0,"{0: 0, 1: 218, 2: 25878, 3: 9}",9,Env15D1,0
1,24821,3,26097.0,"{0: 0, 1: 218, 2: 25878, 3: 9}",9,Env15D1,0
3,24821,3,26097.0,"{0: 0, 1: 218, 2: 25878, 3: 9}",9,Env15D1,0
3,24821,3,26097.0,"{0: 0, 1: 218, 2: 25878, 3: 9}",9,Env15D1,0
3,24821,3,26097.0,"{0: 0, 1: 218, 2: 25878, 3: 9}",9,Env15D1,0
3,24821,3,26097.0,"{0: 0, 1: 218, 2: 25878, 3: 9}",9,Env15D1,0
3,24821,3,26097.0,"{0: 0, 1: 218, 2: 25878, 3: 9}",9,Env15D1,0
3,24821,3,26097.0,"{0: 0, 1: 218, 2: 25878, 3: 9}",9,Env15D1,0
3,24821,3,26097.0,"{0: 0, 1: 218, 2: 25878, 3: 9}",9,Env15D1,0
1,24821,3,26097.0,"{0: 0, 1: 218, 2: 25878, 3: 9}",9,Env15D1,0
4,24821,3,26097.0,"{0: 0, 1: 218, 2: 25878, 3: 9}",9,Env15D1,0
4,24821,3,26097.0,"{0: 0, 1: 218, 2: 25878, 3: 9}",9,Env15D1,0
4,24821,3,26097.0,"{0: 0, 1: 218, 2: 25878, 3: 9}",9,Env15D1,0
4,24821,3,26097.0,"{0: 0, 1: 218, 2: 25878, 3: 9}",9,Env15D1,0
4,24821,3,26097.0,"{0: 0, 1: 218, 2: 25878, 3: 9}",9,Env15D1,0
3,24821,3,26097.0,"{0: 0, 1: 218, 2: 25878, 3: 9}",9,Env15D1,0
