action,search_n_nodes,search_depth,n_calls,n_err,env_name,seed
2,0,0,1,0,Env1D0,0
2,0,0,1,0,Env1D1,0
2,38,1,16,0,Env2D0,0
2,67,1,32,0,Env2D1,0
2,27,1,19,0,Env3D0,0
2,15,1,24,0,Env3D1,0
2,2,1,9,0,Env4D0,0
2,6,1,11,0,Env4D1,0
2,25,1,12,0,Env5D0,0
2,9,1,13,0,Env5D1,0
2,8,1,14,0,Env6D0,0
2,2,1,10,0,Env6D1,0
1,38,1,16,0,Env7D0,0
1,42,1,32,0,Env7D1,0
1,64,1,19,0,Env8D0,0
1,138,1,30,0,Env8D1,0
2,84,2,50,0,Env9D0,0
2,160,2,85,0,Env9D1,0
2,104,2,31,0,Env10D0,0
2,165,2,35,0,Env10D1,0
2,66,2,50,0,Env11D0,0
1,74,2,57,0,Env11D1,0
2,78,2,21,0,Env12D0,0
2,177,2,70,0,Env12D1,0
3,81,2,42,0,Env13D0,0
1,121,2,35,0,Env13D1,0
2,147,2,33,0,Env14D0,0
2,344,2,83,0,Env14D1,0
3,54,2,25,0,Env15D0,0
3,125,2,49,0,Env15D1,0
2,0,0,1,0,Env1D0,1
2,0,0,1,0,Env1D1,1
2,18,1,13,0,Env2D0,1
2,32,1,29,0,Env2D1,1
2,50,1,27,0,Env3D0,1
2,77,1,35,0,Env3D1,1
2,3,1,10,0,Env4D0,1
2,1,1,8,0,Env4D1,1
2,29,1,12,0,Env5D0,1
2,24,1,17,0,Env5D1,1
2,5,1,13,0,Env6D0,1
2,5,1,13,0,Env6D1,1
1,18,1,13,0,Env7D0,1
1,62,1,39,0,Env7D1,1
1,68,1,20,0,Env8D0,1
1,102,1,31,0,Env8D1,1
2,85,2,53,0,Env9D0,1
2,159,2,82,0,Env9D1,1
2,144,2,31,0,Env10D0,1
2,266,2,35,0,Env10D1,1
2,84,2,62,0,Env11D0,1
1,93,2,92,0,Env11D1,1
2,86,2,25,0,Env12D0,1
2,153,2,46,0,Env12D1,1
3,81,2,40,0,Env13D0,1
1,125,2,46,0,Env13D1,1
2,162,2,37,0,Env14D0,1
2,439,2,86,0,Env14D1,1
3,48,2,22,0,Env15D0,1
3,130,2,57,0,Env15D1,1
2,0,0,1,0,Env1D0,2
2,0,0,1,0,Env1D1,2
2,49,1,16,0,Env2D0,2
2,40,1,22,0,Env2D1,2
2,34,1,20,0,Env3D0,2
2,97,1,45,0,Env3D1,2
2,1,1,8,0,Env4D0,2
2,6,1,11,0,Env4D1,2
2,4,1,10,0,Env5D0,2
2,18,1,16,0,Env5D1,2
2,4,1,11,0,Env6D0,2
2,13,1,14,0,Env6D1,2
1,49,1,16,0,Env7D0,2
1,56,1,38,0,Env7D1,2
1,30,1,17,0,Env8D0,2
1,111,1,26,0,Env8D1,2
2,76,2,41,0,Env9D0,2
2,148,2,85,0,Env9D1,2
2,116,2,31,0,Env10D0,2
2,269,2,35,0,Env10D1,2
1,80,2,65,0,Env11D0,2
2,75,2,59,0,Env11D1,2
2,77,2,22,0,Env12D0,2
2,209,2,74,0,Env12D1,2
3,81,2,45,0,Env13D0,2
1,135,2,76,0,Env13D1,2
2,155,2,36,0,Env14D0,2
2,425,2,91,0,Env14D1,2
3,51,2,23,0,Env15D0,2
3,143,2,61,0,Env15D1,2
2,0,0,1,0,Env1D0,3
2,0,0,1,0,Env1D1,3
2,46,1,16,0,Env2D0,3
2,5,1,17,0,Env2D1,3
2,27,1,20,0,Env3D0,3
2,74,1,41,0,Env3D1,3
2,1,1,8,0,Env4D0,3
2,1,1,8,0,Env4D1,3
2,22,1,12,0,Env5D0,3
2,3,1,10,0,Env5D1,3
2,8,1,13,0,Env6D0,3
2,2,1,10,0,Env6D1,3
1,46,1,16,0,Env7D0,3
1,4,1,10,0,Env7D1,3
1,117,1,21,0,Env8D0,3
1,131,1,32,0,Env8D1,3
2,76,2,40,0,Env9D0,3
2,134,2,67,0,Env9D1,3
2,126,2,31,0,Env10D0,3
2,286,2,35,0,Env10D1,3
2,82,2,62,0,Env11D0,3
1,78,2,68,0,Env11D1,3
2,86,2,25,0,Env12D0,3
2,191,2,73,0,Env12D1,3
3,81,2,43,0,Env13D0,3
1,150,2,83,0,Env13D1,3
2,168,2,37,0,Env14D0,3
2,481,2,95,0,Env14D1,3
3,54,2,25,0,Env15D0,3
3,144,2,61,0,Env15D1,3
2,0,0,1,0,Env1D0,4
2,0,0,1,0,Env1D1,4
2,22,1,15,0,Env2D0,4
2,112,1,43,0,Env2D1,4
2,54,1,27,0,Env3D0,4
2,41,1,26,0,Env3D1,4
2,4,1,10,0,Env4D0,4
2,6,1,11,0,Env4D1,4
2,24,1,12,0,Env5D0,4
2,18,1,19,0,Env5D1,4
2,6,1,13,0,Env6D0,4
2,2,1,11,0,Env6D1,4
1,22,1,15,0,Env7D0,4
1,3,1,12,0,Env7D1,4
1,37,1,18,0,Env8D0,4
1,69,1,21,0,Env8D1,4
2,87,2,50,0,Env9D0,4
2,143,2,85,0,Env9D1,4
2,118,2,31,0,Env10D0,4
2,283,2,35,0,Env10D1,4
2,84,2,63,0,Env11D0,4
2,89,2,88,0,Env11D1,4
2,82,2,22,0,Env12D0,4
2,176,2,70,0,Env12D1,4
2,84,2,49,0,Env13D0,4
1,137,2,64,0,Env13D1,4
2,155,2,37,0,Env14D0,4
2,483,2,96,0,Env14D1,4
3,54,2,25,0,Env15D0,4
3,134,2,57,0,Env15D1,4
2,0,0,1,0,Env1D0,5
2,0,0,1,0,Env1D1,5
2,34,1,15,0,Env2D0,5
2,59,1,28,0,Env2D1,5
2,20,1,23,0,Env3D0,5
2,94,1,44,0,Env3D1,5
2,4,1,10,0,Env4D0,5
2,6,1,11,0,Env4D1,5
2,26,1,12,0,Env5D0,5
2,19,1,28,0,Env5D1,5
2,7,1,14,0,Env6D0,5
2,14,1,14,0,Env6D1,5
1,34,1,15,0,Env7D0,5
1,25,1,24,0,Env7D1,5
1,95,1,20,0,Env8D0,5
1,146,1,33,0,Env8D1,5
2,86,2,55,0,Env9D0,5
2,134,2,67,0,Env9D1,5
2,115,2,31,0,Env10D0,5
2,263,2,35,0,Env10D1,5
1,67,2,53,0,Env11D0,5
2,87,2,85,0,Env11D1,5
2,79,2,22,0,Env12D0,5
2,186,2,71,0,Env12D1,5
3,77,2,34,0,Env13D0,5
1,126,2,46,0,Env13D1,5
2,165,2,37,0,Env14D0,5
2,323,2,62,0,Env14D1,5
3,46,2,18,0,Env15D0,5
3,124,2,45,0,Env15D1,5
2,0,0,1,0,Env1D0,6
2,0,0,1,0,Env1D1,6
2,2,1,9,0,Env2D0,6
2,11,1,14,0,Env2D1,6
2,32,1,23,0,Env3D0,6
2,44,1,26,0,Env3D1,6
2,4,1,10,0,Env4D0,6
2,2,1,10,0,Env4D1,6
2,6,1,11,0,Env5D0,6
2,10,1,14,0,Env5D1,6
2,4,1,13,0,Env6D0,6
2,3,1,13,0,Env6D1,6
1,2,1,9,0,Env7D0,6
1,10,1,13,0,Env7D1,6
1,68,1,20,0,Env8D0,6
1,94,1,29,0,Env8D1,6
2,92,2,57,0,Env9D0,6
2,132,2,65,0,Env9D1,6
2,108,2,31,0,Env10D0,6
2,212,2,35,0,Env10D1,6
1,76,2,60,0,Env11D0,6
2,96,2,96,0,Env11D1,6
2,74,2,18,0,Env12D0,6
2,178,2,71,0,Env12D1,6
3,83,2,48,0,Env13D0,6
1,122,2,38,0,Env13D1,6
2,146,2,35,0,Env14D0,6
2,438,2,89,0,Env14D1,6
3,53,2,25,0,Env15D0,6
3,144,2,61,0,Env15D1,6
2,0,0,1,0,Env1D0,7
2,0,0,1,0,Env1D1,7
2,41,1,16,0,Env2D0,7
2,91,1,37,0,Env2D1,7
2,33,1,25,0,Env3D0,7
2,86,1,43,0,Env3D1,7
2,2,1,10,0,Env4D0,7
2,2,1,10,0,Env4D1,7
2,4,1,11,0,Env5D0,7
2,12,1,14,0,Env5D1,7
2,3,1,12,0,Env6D0,7
2,14,1,13,0,Env6D1,7
1,41,1,16,0,Env7D0,7
1,41,1,30,0,Env7D1,7
1,5,1,13,0,Env8D0,7
1,94,1,30,0,Env8D1,7
2,77,2,43,0,Env9D0,7
2,140,2,71,0,Env9D1,7
2,145,2,31,0,Env10D0,7
2,198,2,35,0,Env10D1,7
1,85,2,65,0,Env11D0,7
2,104,2,98,0,Env11D1,7
2,82,2,25,0,Env12D0,7
2,180,2,68,0,Env12D1,7
3,80,2,39,0,Env13D0,7
1,134,2,62,0,Env13D1,7
2,163,2,37,0,Env14D0,7
2,347,2,77,0,Env14D1,7
3,49,2,21,0,Env15D0,7
3,122,2,43,0,Env15D1,7
2,0,0,1,0,Env1D0,8
2,0,0,1,0,Env1D1,8
2,28,1,15,0,Env2D0,8
2,4,1,12,0,Env2D1,8
2,52,1,26,0,Env3D0,8
2,62,1,35,0,Env3D1,8
2,3,1,10,0,Env4D0,8
2,5,1,11,0,Env4D1,8
2,30,1,12,0,Env5D0,8
2,5,1,11,0,Env5D1,8
2,5,1,14,0,Env6D0,8
2,1,1,8,0,Env6D1,8
1,28,1,15,0,Env7D0,8
1,72,1,43,0,Env7D1,8
1,60,1,17,0,Env8D0,8
1,159,1,29,0,Env8D1,8
2,90,2,57,0,Env9D0,8
2,161,2,86,0,Env9D1,8
2,81,2,30,0,Env10D0,8
2,234,2,35,0,Env10D1,8
2,67,2,51,0,Env11D0,8
2,78,2,67,0,Env11D1,8
2,77,2,21,0,Env12D0,8
2,210,2,75,0,Env12D1,8
2,75,2,34,0,Env13D0,8
1,124,2,44,0,Env13D1,8
2,147,2,35,0,Env14D0,8
2,334,2,71,0,Env14D1,8
3,50,2,24,0,Env15D0,8
3,148,2,61,0,Env15D1,8
2,0,0,1,0,Env1D0,9
2,0,0,1,0,Env1D1,9
2,18,1,13,0,Env2D0,9
2,36,1,25,0,Env2D1,9
2,13,1,17,0,Env3D0,9
2,41,1,36,0,Env3D1,9
2,1,1,8,0,Env4D0,9
2,6,1,11,0,Env4D1,9
2,3,1,10,0,Env5D0,9
2,17,1,15,0,Env5D1,9
2,7,1,13,0,Env6D0,9
2,13,1,14,0,Env6D1,9
1,18,1,13,0,Env7D0,9
1,66,1,43,0,Env7D1,9
1,45,1,19,0,Env8D0,9
1,187,1,38,0,Env8D1,9
2,74,2,36,0,Env9D0,9
2,149,2,86,0,Env9D1,9
2,76,2,28,0,Env10D0,9
2,218,2,35,0,Env10D1,9
1,79,2,63,0,Env11D0,9
2,79,2,72,0,Env11D1,9
2,87,2,25,0,Env12D0,9
2,210,2,75,0,Env12D1,9
3,73,2,24,0,Env13D0,9
1,136,2,68,0,Env13D1,9
2,147,2,35,0,Env14D0,9
2,461,2,91,0,Env14D1,9
3,52,2,25,0,Env15D0,9
3,136,2,59,0,Env15D1,9
2,0,0,1,0,Env1D0,10
2,0,0,1,0,Env1D1,10
2,18,1,15,0,Env2D0,10
2,32,1,29,0,Env2D1,10
2,32,1,23,0,Env3D0,10
2,54,1,39,0,Env3D1,10
2,3,1,10,0,Env4D0,10
2,3,1,10,0,Env4D1,10
2,23,1,12,0,Env5D0,10
2,24,1,16,0,Env5D1,10
2,7,1,14,0,Env6D0,10
2,5,1,14,0,Env6D1,10
1,18,1,15,0,Env7D0,10
1,22,1,23,0,Env7D1,10
1,3,1,10,0,Env8D0,10
1,34,1,19,0,Env8D1,10
2,80,2,46,0,Env9D0,10
2,145,2,83,0,Env9D1,10
2,83,2,30,0,Env10D0,10
2,164,2,35,0,Env10D1,10
1,68,2,49,0,Env11D0,10
2,101,2,96,0,Env11D1,10
2,74,2,20,0,Env12D0,10
2,181,2,73,0,Env12D1,10
3,79,2,39,0,Env13D0,10
1,138,2,74,0,Env13D1,10
2,153,2,36,0,Env14D0,10
2,489,2,94,0,Env14D1,10
3,51,2,23,0,Env15D0,10
3,134,2,59,0,Env15D1,10
2,0,0,1,0,Env1D0,11
2,0,0,1,0,Env1D1,11
2,33,1,14,0,Env2D0,11
2,109,1,41,0,Env2D1,11
2,11,1,16,0,Env3D0,11
2,68,1,39,0,Env3D1,11
2,1,1,8,0,Env4D0,11
2,2,1,10,0,Env4D1,11
2,4,1,10,0,Env5D0,11
2,33,1,30,0,Env5D1,11
2,9,1,13,0,Env6D0,11
2,3,1,12,0,Env6D1,11
1,33,1,14,0,Env7D0,11
1,34,1,21,0,Env7D1,11
1,49,1,18,0,Env8D0,11
1,197,1,39,0,Env8D1,11
2,85,2,57,0,Env9D0,11
2,153,2,86,0,Env9D1,11
2,80,2,30,0,Env10D0,11
2,201,2,35,0,Env10D1,11
2,79,2,59,0,Env11D0,11
2,80,2,71,0,Env11D1,11
2,79,2,23,0,Env12D0,11
2,151,2,40,0,Env12D1,11
3,73,2,24,0,Env13D0,11
1,132,2,62,0,Env13D1,11
2,167,2,37,0,Env14D0,11
2,442,2,95,0,Env14D1,11
3,48,2,21,0,Env15D0,11
3,145,2,62,0,Env15D1,11
2,0,0,1,0,Env1D0,12
2,0,0,1,0,Env1D1,12
2,37,1,16,0,Env2D0,12
2,22,1,18,0,Env2D1,12
2,47,1,25,0,Env3D0,12
2,15,1,19,0,Env3D1,12
2,2,1,10,0,Env4D0,12
2,6,1,11,0,Env4D1,12
2,10,1,12,0,Env5D0,12
2,23,1,14,0,Env5D1,12
2,3,1,13,0,Env6D0,12
2,15,1,14,0,Env6D1,12
1,37,1,16,0,Env7D0,12
1,20,1,26,0,Env7D1,12
1,53,1,20,0,Env8D0,12
1,135,1,29,0,Env8D1,12
2,81,2,52,0,Env9D0,12
2,160,2,88,0,Env9D1,12
2,117,2,31,0,Env10D0,12
2,241,2,35,0,Env10D1,12
2,87,2,62,0,Env11D0,12
2,98,2,92,0,Env11D1,12
2,87,2,25,0,Env12D0,12
2,185,2,73,0,Env12D1,12
3,73,2,24,0,Env13D0,12
1,133,2,68,0,Env13D1,12
2,151,2,37,0,Env14D0,12
2,491,2,95,0,Env14D1,12
3,48,2,21,0,Env15D0,12
3,128,2,54,0,Env15D1,12
2,0,0,1,0,Env1D0,13
2,0,0,1,0,Env1D1,13
2,38,1,15,0,Env2D0,13
2,44,1,23,0,Env2D1,13
2,19,1,18,0,Env3D0,13
2,66,1,36,0,Env3D1,13
2,2,1,9,0,Env4D0,13
2,4,1,11,0,Env4D1,13
2,17,1,12,0,Env5D0,13
2,17,1,19,0,Env5D1,13
2,9,1,14,0,Env6D0,13
2,13,1,15,0,Env6D1,13
1,38,1,15,0,Env7D0,13
1,51,1,26,0,Env7D1,13
1,67,1,18,0,Env8D0,13
1,117,1,33,0,Env8D1,13
2,80,2,42,0,Env9D0,13
2,157,2,88,0,Env9D1,13
2,128,2,31,0,Env10D0,13
2,217,2,35,0,Env10D1,13
2,62,2,41,0,Env11D0,13
1,104,2,98,0,Env11D1,13
2,85,2,25,0,Env12D0,13
2,174,2,69,0,Env12D1,13
3,84,2,49,0,Env13D0,13
1,124,2,42,0,Env13D1,13
2,144,2,33,0,Env14D0,13
2,476,2,96,0,Env14D1,13
3,47,2,20,0,Env15D0,13
3,125,2,49,0,Env15D1,13
2,0,0,1,0,Env1D0,14
2,0,0,1,0,Env1D1,14
2,3,1,10,0,Env2D0,14
2,25,1,21,0,Env2D1,14
2,34,1,23,0,Env3D0,14
2,27,1,30,0,Env3D1,14
2,1,1,8,0,Env4D0,14
2,1,1,8,0,Env4D1,14
2,3,1,9,0,Env5D0,14
2,19,1,18,0,Env5D1,14
2,3,1,14,0,Env6D0,14
2,14,1,14,0,Env6D1,14
1,3,1,10,0,Env7D0,14
1,17,1,20,0,Env7D1,14
1,100,1,20,0,Env8D0,14
1,77,1,26,0,Env8D1,14
2,87,2,54,0,Env9D0,14
2,151,2,81,0,Env9D1,14
2,103,2,31,0,Env10D0,14
2,287,2,35,0,Env10D1,14
1,68,2,54,0,Env11D0,14
2,77,2,64,0,Env11D1,14
2,82,2,23,0,Env12D0,14
2,159,2,61,0,Env12D1,14
3,82,2,47,0,Env13D0,14
1,136,2,65,0,Env13D1,14
2,149,2,35,0,Env14D0,14
2,484,2,95,0,Env14D1,14
3,50,2,23,0,Env15D0,14
3,124,2,47,0,Env15D1,14
2,0,0,1,0,Env1D0,15
2,0,0,1,0,Env1D1,15
2,34,1,14,0,Env2D0,15
2,16,1,19,0,Env2D1,15
2,53,1,27,0,Env3D0,15
2,57,1,35,0,Env3D1,15
2,1,1,8,0,Env4D0,15
2,4,1,11,0,Env4D1,15
2,16,1,12,0,Env5D0,15
2,22,1,19,0,Env5D1,15
2,7,1,13,0,Env6D0,15
2,9,1,14,0,Env6D1,15
1,34,1,14,0,Env7D0,15
1,4,1,11,0,Env7D1,15
1,84,1,20,0,Env8D0,15
1,35,1,25,0,Env8D1,15
2,82,2,46,0,Env9D0,15
2,130,2,59,0,Env9D1,15
2,97,2,31,0,Env10D0,15
2,200,2,35,0,Env10D1,15
2,88,2,62,0,Env11D0,15
1,117,2,104,0,Env11D1,15
2,83,2,25,0,Env12D0,15
2,172,2,70,0,Env12D1,15
2,77,2,34,0,Env13D0,15
1,135,2,64,0,Env13D1,15
2,157,2,34,0,Env14D0,15
2,388,2,90,0,Env14D1,15
3,52,2,25,0,Env15D0,15
3,138,2,61,0,Env15D1,15
2,0,0,1,0,Env1D0,16
2,0,0,1,0,Env1D1,16
2,9,1,13,0,Env2D0,16
2,18,1,23,0,Env2D1,16
2,54,1,27,0,Env3D0,16
2,1,1,8,0,Env3D1,16
2,3,1,10,0,Env4D0,16
2,5,1,11,0,Env4D1,16
2,25,1,12,0,Env5D0,16
2,28,1,28,0,Env5D1,16
2,3,1,12,0,Env6D0,16
2,7,1,13,0,Env6D1,16
1,9,1,13,0,Env7D0,16
1,44,1,36,0,Env7D1,16
1,120,1,20,0,Env8D0,16
1,130,1,34,0,Env8D1,16
2,73,2,33,0,Env9D0,16
2,143,2,79,0,Env9D1,16
2,145,2,31,0,Env10D0,16
2,216,2,35,0,Env10D1,16
1,82,2,61,0,Env11D0,16
1,87,2,88,0,Env11D1,16
2,73,2,17,0,Env12D0,16
2,172,2,68,0,Env12D1,16
3,76,2,32,0,Env13D0,16
1,132,2,61,0,Env13D1,16
2,155,2,36,0,Env14D0,16
2,405,2,89,0,Env14D1,16
3,47,2,21,0,Env15D0,16
3,148,2,62,0,Env15D1,16
2,0,0,1,0,Env1D0,17
2,0,0,1,0,Env1D1,17
2,32,1,14,0,Env2D0,17
2,1,1,6,0,Env2D1,17
2,31,1,21,0,Env3D0,17
2,91,1,38,0,Env3D1,17
2,4,1,10,0,Env4D0,17
2,4,1,10,0,Env4D1,17
2,17,1,12,0,Env5D0,17
2,15,1,21,0,Env5D1,17
2,6,1,13,0,Env6D0,17
2,15,1,14,0,Env6D1,17
1,32,1,14,0,Env7D0,17
1,2,1,8,0,Env7D1,17
1,110,1,20,0,Env8D0,17
1,156,1,36,0,Env8D1,17
2,95,2,57,0,Env9D0,17
2,145,2,79,0,Env9D1,17
2,73,2,24,0,Env10D0,17
2,225,2,35,0,Env10D1,17
1,68,2,54,0,Env11D0,17
1,87,2,82,0,Env11D1,17
2,79,2,22,0,Env12D0,17
2,209,2,75,0,Env12D1,17
2,76,2,32,0,Env13D0,17
1,138,2,65,0,Env13D1,17
2,148,2,35,0,Env14D0,17
2,427,2,90,0,Env14D1,17
3,49,2,22,0,Env15D0,17
3,138,2,61,0,Env15D1,17
2,0,0,1,0,Env1D0,18
2,0,0,1,0,Env1D1,18
2,35,1,15,0,Env2D0,18
2,98,1,43,0,Env2D1,18
2,54,1,27,0,Env3D0,18
2,36,1,36,0,Env3D1,18
2,2,1,9,0,Env4D0,18
2,2,1,9,0,Env4D1,18
2,12,1,12,0,Env5D0,18
2,8,1,13,0,Env5D1,18
2,3,1,13,0,Env6D0,18
2,2,1,12,0,Env6D1,18
1,35,1,15,0,Env7D0,18
1,16,1,17,0,Env7D1,18
1,6,1,13,0,Env8D0,18
1,2,1,8,0,Env8D1,18
2,81,2,46,0,Env9D0,18
2,146,2,80,0,Env9D1,18
2,104,2,31,0,Env10D0,18
2,223,2,35,0,Env10D1,18
2,71,2,55,0,Env11D0,18
2,100,2,100,0,Env11D1,18
2,87,2,25,0,Env12D0,18
2,156,2,52,0,Env12D1,18
3,80,2,45,0,Env13D0,18
1,147,2,75,0,Env13D1,18
2,161,2,36,0,Env14D0,18
2,470,2,95,0,Env14D1,18
3,46,2,18,0,Env15D0,18
3,144,2,61,0,Env15D1,18
2,0,0,1,0,Env1D0,19
2,0,0,1,0,Env1D1,19
2,31,1,15,0,Env2D0,19
2,82,1,37,0,Env2D1,19
2,45,1,24,0,Env3D0,19
2,38,1,29,0,Env3D1,19
2,1,1,8,0,Env4D0,19
2,6,1,11,0,Env4D1,19
2,11,1,12,0,Env5D0,19
2,24,1,15,0,Env5D1,19
2,7,1,14,0,Env6D0,19
2,8,1,15,0,Env6D1,19
1,31,1,15,0,Env7D0,19
1,53,1,36,0,Env7D1,19
1,58,1,19,0,Env8D0,19
1,4,1,13,0,Env8D1,19
2,73,2,33,0,Env9D0,19
2,138,2,70,0,Env9D1,19
2,102,2,31,0,Env10D0,19
2,203,2,35,0,Env10D1,19
2,77,2,59,0,Env11D0,19
2,109,2,99,0,Env11D1,19
2,75,2,19,0,Env12D0,19
2,165,2,65,0,Env12D1,19
3,77,2,35,0,Env13D0,19
1,150,2,83,0,Env13D1,19
2,162,2,37,0,Env14D0,19
2,473,2,89,0,Env14D1,19
3,46,2,18,0,Env15D0,19
3,146,2,60,0,Env15D1,19
2,0,0,1,0,Env1D0,20
2,0,0,1,0,Env1D1,20
2,34,1,15,0,Env2D0,20
2,47,1,33,0,Env2D1,20
2,6,1,13,0,Env3D0,20
2,85,1,42,0,Env3D1,20
2,4,1,10,0,Env4D0,20
2,1,1,8,0,Env4D1,20
2,28,1,12,0,Env5D0,20
2,5,1,11,0,Env5D1,20
2,5,1,12,0,Env6D0,20
2,11,1,13,0,Env6D1,20
1,34,1,15,0,Env7D0,20
1,38,1,26,0,Env7D1,20
1,29,1,16,0,Env8D0,20
1,73,1,21,0,Env8D1,20
2,81,2,48,0,Env9D0,20
2,161,2,84,0,Env9D1,20
2,120,2,31,0,Env10D0,20
2,277,2,35,0,Env10D1,20
2,71,2,55,0,Env11D0,20
2,84,2,78,0,Env11D1,20
2,74,2,19,0,Env12D0,20
2,187,2,72,0,Env12D1,20
3,81,2,43,0,Env13D0,20
1,136,2,70,0,Env13D1,20
2,147,2,33,0,Env14D0,20
2,473,2,92,0,Env14D1,20
3,50,2,24,0,Env15D0,20
3,145,2,62,0,Env15D1,20
2,0,0,1,0,Env1D0,21
2,0,0,1,0,Env1D1,21
2,26,1,14,0,Env2D0,21
2,6,1,12,0,Env2D1,21
2,39,1,24,0,Env3D0,21
2,52,1,29,0,Env3D1,21
2,3,1,10,0,Env4D0,21
2,4,1,11,0,Env4D1,21
2,19,1,12,0,Env5D0,21
2,24,1,15,0,Env5D1,21
2,7,1,13,0,Env6D0,21
2,2,1,11,0,Env6D1,21
1,26,1,14,0,Env7D0,21
1,72,1,43,0,Env7D1,21
1,102,1,20,0,Env8D0,21
1,8,1,17,0,Env8D1,21
2,96,2,57,0,Env9D0,21
2,131,2,62,0,Env9D1,21
2,140,2,31,0,Env10D0,21
2,155,2,33,0,Env10D1,21
2,62,2,41,0,Env11D0,21
2,92,2,93,0,Env11D1,21
2,83,2,25,0,Env12D0,21
2,179,2,75,0,Env12D1,21
3,80,2,43,0,Env13D0,21
1,136,2,65,0,Env13D1,21
2,155,2,37,0,Env14D0,21
2,437,2,85,0,Env14D1,21
3,49,2,22,0,Env15D0,21
3,123,2,46,0,Env15D1,21
2,0,0,1,0,Env1D0,22
2,0,0,1,0,Env1D1,22
2,48,1,16,0,Env2D0,22
2,4,1,12,0,Env2D1,22
2,37,1,25,0,Env3D0,22
2,77,1,43,0,Env3D1,22
2,3,1,10,0,Env4D0,22
2,4,1,11,0,Env4D1,22
2,17,1,12,0,Env5D0,22
2,4,1,10,0,Env5D1,22
2,9,1,13,0,Env6D0,22
2,12,1,14,0,Env6D1,22
1,48,1,16,0,Env7D0,22
1,33,1,35,0,Env7D1,22
1,108,1,21,0,Env8D0,22
1,7,1,15,0,Env8D1,22
2,85,2,48,0,Env9D0,22
2,164,2,88,0,Env9D1,22
2,77,2,26,0,Env10D0,22
2,182,2,35,0,Env10D1,22
1,65,2,50,0,Env11D0,22
1,104,2,100,0,Env11D1,22
2,78,2,21,0,Env12D0,22
2,190,2,72,0,Env12D1,22
3,83,2,48,0,Env13D0,22
1,149,2,79,0,Env13D1,22
2,162,2,37,0,Env14D0,22
2,452,2,96,0,Env14D1,22
3,54,2,25,0,Env15D0,22
3,122,2,43,0,Env15D1,22
2,0,0,1,0,Env1D0,23
2,0,0,1,0,Env1D1,23
2,32,1,15,0,Env2D0,23
2,45,1,26,0,Env2D1,23
2,39,1,23,0,Env3D0,23
2,38,1,29,0,Env3D1,23
2,2,1,9,0,Env4D0,23
2,3,1,10,0,Env4D1,23
2,30,1,12,0,Env5D0,23
2,5,1,15,0,Env5D1,23
2,6,1,13,0,Env6D0,23
2,13,1,14,0,Env6D1,23
1,32,1,15,0,Env7D0,23
1,28,1,33,0,Env7D1,23
1,102,1,19,0,Env8D0,23
1,195,1,39,0,Env8D1,23
2,76,2,39,0,Env9D0,23
2,162,2,88,0,Env9D1,23
2,119,2,31,0,Env10D0,23
2,254,2,35,0,Env10D1,23
1,77,2,58,0,Env11D0,23
2,88,2,85,0,Env11D1,23
2,77,2,23,0,Env12D0,23
2,183,2,72,0,Env12D1,23
3,81,2,46,0,Env13D0,23
1,126,2,45,0,Env13D1,23
2,149,2,35,0,Env14D0,23
2,465,2,90,0,Env14D1,23
3,51,2,24,0,Env15D0,23
3,124,2,49,0,Env15D1,23
2,0,0,1,0,Env1D0,24
2,0,0,1,0,Env1D1,24
2,41,1,14,0,Env2D0,24
2,88,1,36,0,Env2D1,24
2,8,1,16,0,Env3D0,24
2,90,1,41,0,Env3D1,24
2,1,1,8,0,Env4D0,24
2,2,1,10,0,Env4D1,24
2,16,1,12,0,Env5D0,24
2,2,1,9,0,Env5D1,24
2,9,1,14,0,Env6D0,24
2,5,1,14,0,Env6D1,24
1,41,1,14,0,Env7D0,24
1,24,1,30,0,Env7D1,24
1,81,1,20,0,Env8D0,24
1,12,1,18,0,Env8D1,24
2,89,2,50,0,Env9D0,24
2,155,2,88,0,Env9D1,24
2,143,2,31,0,Env10D0,24
2,215,2,35,0,Env10D1,24
1,82,2,61,0,Env11D0,24
2,90,2,89,0,Env11D1,24
2,87,2,25,0,Env12D0,24
2,207,2,75,0,Env12D1,24
2,73,2,24,0,Env13D0,24
1,128,2,50,0,Env13D1,24
2,155,2,37,0,Env14D0,24
2,379,2,82,0,Env14D1,24
3,48,2,22,0,Env15D0,24
3,143,2,62,0,Env15D1,24
2,0,0,1,0,Env1D0,25
2,0,0,1,0,Env1D1,25
2,33,1,16,0,Env2D0,25
2,96,1,43,0,Env2D1,25
2,45,1,27,0,Env3D0,25
2,38,1,32,0,Env3D1,25
2,1,1,8,0,Env4D0,25
2,4,1,11,0,Env4D1,25
2,12,1,12,0,Env5D0,25
2,3,1,10,0,Env5D1,25
2,5,1,14,0,Env6D0,25
2,13,1,15,0,Env6D1,25
1,33,1,16,0,Env7D0,25
1,26,1,22,0,Env7D1,25
1,8,1,14,0,Env8D0,25
1,76,1,27,0,Env8D1,25
2,88,2,52,0,Env9D0,25
2,152,2,80,0,Env9D1,25
2,120,2,31,0,Env10D0,25
2,162,2,35,0,Env10D1,25
2,68,2,51,0,Env11D0,25
2,78,2,68,0,Env11D1,25
2,74,2,19,0,Env12D0,25
2,171,2,65,0,Env12D1,25
2,79,2,41,0,Env13D0,25
1,145,2,82,0,Env13D1,25
2,141,2,27,0,Env14D0,25
2,341,2,73,0,Env14D1,25
3,48,2,23,0,Env15D0,25
3,141,2,60,0,Env15D1,25
2,0,0,1,0,Env1D0,26
2,0,0,1,0,Env1D1,26
2,10,1,13,0,Env2D0,26
2,100,1,39,0,Env2D1,26
2,3,1,12,0,Env3D0,26
2,31,1,27,0,Env3D1,26
2,1,1,8,0,Env4D0,26
2,2,1,9,0,Env4D1,26
2,2,1,8,0,Env5D0,26
2,40,1,27,0,Env5D1,26
2,8,1,14,0,Env6D0,26
2,15,1,14,0,Env6D1,26
1,10,1,13,0,Env7D0,26
1,2,1,9,0,Env7D1,26
1,30,1,18,0,Env8D0,26
1,57,1,28,0,Env8D1,26
2,85,2,49,0,Env9D0,26
2,159,2,83,0,Env9D1,26
2,122,2,31,0,Env10D0,26
2,204,2,35,0,Env10D1,26
1,82,2,62,0,Env11D0,26
1,100,2,95,0,Env11D1,26
2,85,2,24,0,Env12D0,26
2,177,2,74,0,Env12D1,26
2,76,2,39,0,Env13D0,26
1,121,2,35,0,Env13D1,26
2,146,2,32,0,Env14D0,26
2,429,2,84,0,Env14D1,26
3,49,2,23,0,Env15D0,26
3,141,2,60,0,Env15D1,26
2,0,0,1,0,Env1D0,27
2,0,0,1,0,Env1D1,27
2,30,1,16,0,Env2D0,27
2,39,1,30,0,Env2D1,27
2,19,1,19,0,Env3D0,27
2,56,1,36,0,Env3D1,27
2,3,1,10,0,Env4D0,27
2,5,1,11,0,Env4D1,27
2,7,1,12,0,Env5D0,27
2,36,1,22,0,Env5D1,27
2,7,1,14,0,Env6D0,27
2,5,1,13,0,Env6D1,27
1,30,1,16,0,Env7D0,27
1,23,1,30,0,Env7D1,27
1,56,1,18,0,Env8D0,27
1,98,1,27,0,Env8D1,27
2,89,2,54,0,Env9D0,27
2,136,2,72,0,Env9D1,27
2,116,2,31,0,Env10D0,27
2,157,2,34,0,Env10D1,27
2,73,2,59,0,Env11D0,27
2,105,2,100,0,Env11D1,27
2,85,2,25,0,Env12D0,27
2,158,2,56,0,Env12D1,27
3,84,2,49,0,Env13D0,27
1,142,2,77,0,Env13D1,27
2,143,2,29,0,Env14D0,27
2,318,2,52,0,Env14D1,27
3,52,2,23,0,Env15D0,27
3,141,2,61,0,Env15D1,27
2,0,0,1,0,Env1D0,28
2,0,0,1,0,Env1D1,28
2,24,1,16,0,Env2D0,28
2,36,1,23,0,Env2D1,28
2,54,1,27,0,Env3D0,28
2,88,1,45,0,Env3D1,28
2,1,1,8,0,Env4D0,28
2,6,1,11,0,Env4D1,28
2,9,1,12,0,Env5D0,28
2,9,1,14,0,Env5D1,28
2,6,1,13,0,Env6D0,28
2,14,1,14,0,Env6D1,28
1,24,1,16,0,Env7D0,28
1,36,1,25,0,Env7D1,28
1,64,1,18,0,Env8D0,28
1,131,1,30,0,Env8D1,28
2,82,2,49,0,Env9D0,28
2,132,2,67,0,Env9D1,28
2,134,2,31,0,Env10D0,28
2,240,2,35,0,Env10D1,28
2,65,2,48,0,Env11D0,28
2,77,2,68,0,Env11D1,28
2,81,2,25,0,Env12D0,28
2,194,2,70,0,Env12D1,28
3,76,2,36,0,Env13D0,28
1,138,2,63,0,Env13D1,28
2,160,2,35,0,Env14D0,28
2,388,2,87,0,Env14D1,28
3,46,2,18,0,Env15D0,28
3,134,2,58,0,Env15D1,28
2,0,0,1,0,Env1D0,29
2,0,0,1,0,Env1D1,29
2,14,1,15,0,Env2D0,29
2,54,1,40,0,Env2D1,29
2,41,1,21,0,Env3D0,29
2,3,1,11,0,Env3D1,29
2,2,1,9,0,Env4D0,29
2,1,1,8,0,Env4D1,29
2,26,1,12,0,Env5D0,29
2,30,1,24,0,Env5D1,29
2,8,1,14,0,Env6D0,29
2,3,1,12,0,Env6D1,29
1,14,1,15,0,Env7D0,29
1,46,1,29,0,Env7D1,29
1,38,1,17,0,Env8D0,29
1,100,1,25,0,Env8D1,29
2,74,2,36,0,Env9D0,29
2,133,2,65,0,Env9D1,29
2,103,2,31,0,Env10D0,29
2,264,2,35,0,Env10D1,29
2,61,2,38,0,Env11D0,29
2,97,2,94,0,Env11D1,29
2,75,2,20,0,Env12D0,29
2,195,2,73,0,Env12D1,29
3,78,2,34,0,Env13D0,29
1,146,2,83,0,Env13D1,29
2,159,2,37,0,Env14D0,29
2,448,2,83,0,Env14D1,29
3,49,2,22,0,Env15D0,29
3,125,2,48,0,Env15D1,29
2,0,0,1,0,Env1D0,30
2,0,0,1,0,Env1D1,30
2,17,1,13,0,Env2D0,30
2,79,1,34,0,Env2D1,30
2,20,1,20,0,Env3D0,30
2,92,1,46,0,Env3D1,30
2,3,1,10,0,Env4D0,30
2,6,1,11,0,Env4D1,30
2,21,1,12,0,Env5D0,30
2,25,1,19,0,Env5D1,30
2,1,1,8,0,Env6D0,30
2,8,1,14,0,Env6D1,30
1,17,1,13,0,Env7D0,30
1,60,1,28,0,Env7D1,30
1,116,1,21,0,Env8D0,30
1,163,1,38,0,Env8D1,30
2,76,2,36,0,Env9D0,30
2,137,2,69,0,Env9D1,30
2,81,2,31,0,Env10D0,30
2,231,2,35,0,Env10D1,30
2,62,2,40,0,Env11D0,30
1,80,2,74,0,Env11D1,30
2,81,2,25,0,Env12D0,30
2,159,2,55,0,Env12D1,30
3,73,2,24,0,Env13D0,30
1,127,2,58,0,Env13D1,30
2,145,2,33,0,Env14D0,30
2,477,2,95,0,Env14D1,30
3,46,2,18,0,Env15D0,30
3,150,2,62,0,Env15D1,30
2,0,0,1,0,Env1D0,31
2,0,0,1,0,Env1D1,31
2,15,1,14,0,Env2D0,31
2,51,1,32,0,Env2D1,31
2,8,1,20,0,Env3D0,31
2,16,1,17,0,Env3D1,31
2,2,1,9,0,Env4D0,31
2,2,1,9,0,Env4D1,31
2,8,1,12,0,Env5D0,31
2,10,1,14,0,Env5D1,31
2,9,1,13,0,Env6D0,31
2,11,1,15,0,Env6D1,31
1,15,1,14,0,Env7D0,31
1,3,1,11,0,Env7D1,31
1,90,1,18,0,Env8D0,31
1,126,1,33,0,Env8D1,31
2,90,2,52,0,Env9D0,31
2,130,2,59,0,Env9D1,31
2,132,2,31,0,Env10D0,31
2,246,2,35,0,Env10D1,31
1,74,2,59,0,Env11D0,31
1,104,2,100,0,Env11D1,31
2,73,2,17,0,Env12D0,31
2,158,2,56,0,Env12D1,31
3,84,2,49,0,Env13D0,31
1,149,2,83,0,Env13D1,31
2,158,2,35,0,Env14D0,31
2,473,2,94,0,Env14D1,31
3,53,2,25,0,Env15D0,31
3,146,2,61,0,Env15D1,31
2,0,0,1,0,Env1D0,32
2,0,0,1,0,Env1D1,32
2,14,1,14,0,Env2D0,32
2,52,1,24,0,Env2D1,32
2,54,1,27,0,Env3D0,32
2,27,1,24,0,Env3D1,32
2,1,1,8,0,Env4D0,32
2,6,1,11,0,Env4D1,32
2,22,1,12,0,Env5D0,32
2,12,1,14,0,Env5D1,32
2,6,1,13,0,Env6D0,32
2,14,1,15,0,Env6D1,32
1,14,1,14,0,Env7D0,32
1,29,1,27,0,Env7D1,32
1,57,1,16,0,Env8D0,32
1,84,1,31,0,Env8D1,32
2,79,2,47,0,Env9D0,32
2,136,2,73,0,Env9D1,32
2,101,2,31,0,Env10D0,32
2,275,2,35,0,Env10D1,32
1,84,2,63,0,Env11D0,32
1,73,2,56,0,Env11D1,32
2,75,2,21,0,Env12D0,32
2,178,2,72,0,Env12D1,32
2,73,2,24,0,Env13D0,32
1,122,2,38,0,Env13D1,32
2,160,2,35,0,Env14D0,32
2,364,2,85,0,Env14D1,32
3,48,2,22,0,Env15D0,32
3,149,2,62,0,Env15D1,32
2,0,0,1,0,Env1D0,33
2,0,0,1,0,Env1D1,33
2,35,1,15,0,Env2D0,33
2,71,1,24,0,Env2D1,33
2,11,1,18,0,Env3D0,33
2,77,1,41,0,Env3D1,33
2,2,1,9,0,Env4D0,33
2,1,1,8,0,Env4D1,33
2,28,1,12,0,Env5D0,33
2,13,1,17,0,Env5D1,33
2,1,1,8,0,Env6D0,33
2,9,1,12,0,Env6D1,33
1,35,1,15,0,Env7D0,33
1,13,1,15,0,Env7D1,33
1,40,1,16,0,Env8D0,33
1,29,1,21,0,Env8D1,33
2,75,2,37,0,Env9D0,33
2,163,2,87,0,Env9D1,33
2,80,2,31,0,Env10D0,33
2,235,2,35,0,Env10D1,33
1,69,2,52,0,Env11D0,33
1,91,2,91,0,Env11D1,33
2,85,2,25,0,Env12D0,33
2,202,2,75,0,Env12D1,33
3,77,2,38,0,Env13D0,33
1,141,2,80,0,Env13D1,33
2,160,2,36,0,Env14D0,33
2,456,2,95,0,Env14D1,33
3,46,2,18,0,Env15D0,33
3,148,2,62,0,Env15D1,33
2,0,0,1,0,Env1D0,34
2,0,0,1,0,Env1D1,34
2,4,1,10,0,Env2D0,34
2,27,1,20,0,Env2D1,34
2,49,1,24,0,Env3D0,34
2,31,1,24,0,Env3D1,34
2,1,1,8,0,Env4D0,34
2,4,1,11,0,Env4D1,34
2,30,1,12,0,Env5D0,34
2,1,1,6,0,Env5D1,34
2,1,1,9,0,Env6D0,34
2,13,1,13,0,Env6D1,34
1,4,1,10,0,Env7D0,34
1,38,1,26,0,Env7D1,34
1,32,1,16,0,Env8D0,34
1,29,1,21,0,Env8D1,34
2,80,2,50,0,Env9D0,34
2,141,2,78,0,Env9D1,34
2,94,2,31,0,Env10D0,34
2,164,2,35,0,Env10D1,34
1,77,2,58,0,Env11D0,34
2,109,2,105,0,Env11D1,34
2,74,2,18,0,Env12D0,34
2,207,2,75,0,Env12D1,34
3,84,2,49,0,Env13D0,34
1,133,2,68,0,Env13D1,34
2,166,2,37,0,Env14D0,34
2,410,2,89,0,Env14D1,34
3,52,2,25,0,Env15D0,34
3,137,2,60,0,Env15D1,34
2,0,0,1,0,Env1D0,35
2,0,0,1,0,Env1D1,35
2,13,1,15,0,Env2D0,35
2,111,1,43,0,Env2D1,35
2,34,1,19,0,Env3D0,35
2,29,1,25,0,Env3D1,35
2,2,1,9,0,Env4D0,35
2,2,1,10,0,Env4D1,35
2,19,1,12,0,Env5D0,35
2,19,1,20,0,Env5D1,35
2,6,1,13,0,Env6D0,35
2,1,1,9,0,Env6D1,35
1,13,1,15,0,Env7D0,35
1,9,1,15,0,Env7D1,35
1,54,1,19,0,Env8D0,35
1,101,1,31,0,Env8D1,35
2,96,2,57,0,Env9D0,35
2,153,2,81,0,Env9D1,35
2,121,2,31,0,Env10D0,35
2,250,2,35,0,Env10D1,35
1,82,2,66,0,Env11D0,35
1,91,2,92,0,Env11D1,35
2,86,2,25,0,Env12D0,35
2,178,2,69,0,Env12D1,35
2,77,2,36,0,Env13D0,35
1,132,2,52,0,Env13D1,35
2,164,2,35,0,Env14D0,35
2,393,2,84,0,Env14D1,35
3,49,2,24,0,Env15D0,35
3,128,2,52,0,Env15D1,35
2,0,0,1,0,Env1D0,36
2,0,0,1,0,Env1D1,36
2,11,1,14,0,Env2D0,36
2,105,1,40,0,Env2D1,36
2,29,1,21,0,Env3D0,36
2,39,1,28,0,Env3D1,36
2,1,1,8,0,Env4D0,36
2,2,1,9,0,Env4D1,36
2,25,1,12,0,Env5D0,36
2,4,1,16,0,Env5D1,36
2,1,1,9,0,Env6D0,36
2,7,1,14,0,Env6D1,36
1,11,1,14,0,Env7D0,36
1,61,1,42,0,Env7D1,36
1,91,1,19,0,Env8D0,36
1,189,1,39,0,Env8D1,36
2,75,2,37,0,Env9D0,36
2,159,2,88,0,Env9D1,36
2,128,2,31,0,Env10D0,36
2,169,2,35,0,Env10D1,36
2,69,2,55,0,Env11D0,36
1,75,2,61,0,Env11D1,36
2,81,2,22,0,Env12D0,36
2,174,2,69,0,Env12D1,36
3,80,2,40,0,Env13D0,36
1,126,2,50,0,Env13D1,36
2,143,2,31,0,Env14D0,36
2,438,2,91,0,Env14D1,36
3,47,2,21,0,Env15D0,36
3,129,2,54,0,Env15D1,36
2,0,0,1,0,Env1D0,37
2,0,0,1,0,Env1D1,37
2,22,1,14,0,Env2D0,37
2,39,1,27,0,Env2D1,37
2,7,1,15,0,Env3D0,37
2,73,1,38,0,Env3D1,37
2,3,1,10,0,Env4D0,37
2,2,1,10,0,Env4D1,37
2,1,1,6,0,Env5D0,37
2,11,1,16,0,Env5D1,37
2,1,1,9,0,Env6D0,37
2,11,1,14,0,Env6D1,37
1,22,1,14,0,Env7D0,37
1,2,1,8,0,Env7D1,37
1,18,1,17,0,Env8D0,37
1,70,1,27,0,Env8D1,37
2,88,2,54,0,Env9D0,37
2,150,2,86,0,Env9D1,37
2,95,2,31,0,Env10D0,37
2,181,2,35,0,Env10D1,37
1,61,2,40,0,Env11D0,37
1,73,2,57,0,Env11D1,37
2,84,2,25,0,Env12D0,37
2,152,2,41,0,Env12D1,37
2,82,2,45,0,Env13D0,37
1,121,2,35,0,Env13D1,37
2,157,2,34,0,Env14D0,37
2,381,2,82,0,Env14D1,37
3,50,2,24,0,Env15D0,37
3,150,2,62,0,Env15D1,37
2,0,0,1,0,Env1D0,38
2,0,0,1,0,Env1D1,38
2,23,1,14,0,Env2D0,38
2,75,1,32,0,Env2D1,38
2,21,1,19,0,Env3D0,38
2,65,1,35,0,Env3D1,38
2,1,1,8,0,Env4D0,38
2,6,1,11,0,Env4D1,38
2,6,1,11,0,Env5D0,38
2,14,1,14,0,Env5D1,38
2,2,1,11,0,Env6D0,38
2,2,1,11,0,Env6D1,38
1,23,1,14,0,Env7D0,38
1,75,1,41,0,Env7D1,38
1,34,1,17,0,Env8D0,38
1,37,1,20,0,Env8D1,38
2,94,2,52,0,Env9D0,38
2,160,2,88,0,Env9D1,38
2,137,2,31,0,Env10D0,38
2,229,2,35,0,Env10D1,38
1,63,2,43,0,Env11D0,38
1,101,2,95,0,Env11D1,38
2,75,2,22,0,Env12D0,38
2,162,2,60,0,Env12D1,38
2,84,2,49,0,Env13D0,38
1,129,2,62,0,Env13D1,38
2,168,2,37,0,Env14D0,38
2,450,2,95,0,Env14D1,38
3,48,2,21,0,Env15D0,38
3,136,2,58,0,Env15D1,38
2,0,0,1,0,Env1D0,39
2,0,0,1,0,Env1D1,39
2,42,1,15,0,Env2D0,39
2,54,1,27,0,Env2D1,39
2,28,1,24,0,Env3D0,39
2,54,1,40,0,Env3D1,39
2,1,1,8,0,Env4D0,39
2,2,1,9,0,Env4D1,39
2,31,1,12,0,Env5D0,39
2,14,1,16,0,Env5D1,39
2,9,1,13,0,Env6D0,39
2,12,1,13,0,Env6D1,39
1,42,1,15,0,Env7D0,39
1,56,1,42,0,Env7D1,39
1,126,1,21,0,Env8D0,39
1,25,1,24,0,Env8D1,39
2,90,2,53,0,Env9D0,39
2,152,2,85,0,Env9D1,39
2,101,2,31,0,Env10D0,39
2,253,2,35,0,Env10D1,39
2,89,2,63,0,Env11D0,39
2,120,2,102,0,Env11D1,39
2,82,2,24,0,Env12D0,39
2,170,2,67,0,Env12D1,39
3,75,2,28,0,Env13D0,39
1,149,2,79,0,Env13D1,39
2,152,2,35,0,Env14D0,39
2,324,2,61,0,Env14D1,39
3,52,2,25,0,Env15D0,39
3,130,2,53,0,Env15D1,39
2,0,0,1,0,Env1D0,40
2,0,0,1,0,Env1D1,40
2,26,1,14,0,Env2D0,40
2,102,1,40,0,Env2D1,40
2,25,1,23,0,Env3D0,40
2,102,1,47,0,Env3D1,40
2,4,1,10,0,Env4D0,40
2,6,1,11,0,Env4D1,40
2,19,1,12,0,Env5D0,40
2,5,1,10,0,Env5D1,40
2,7,1,13,0,Env6D0,40
2,5,1,14,0,Env6D1,40
1,26,1,14,0,Env7D0,40
1,42,1,28,0,Env7D1,40
1,74,1,19,0,Env8D0,40
1,186,1,38,0,Env8D1,40
2,95,2,57,0,Env9D0,40
2,141,2,79,0,Env9D1,40
2,142,2,31,0,Env10D0,40
2,255,2,35,0,Env10D1,40
1,73,2,60,0,Env11D0,40
1,96,2,95,0,Env11D1,40
2,75,2,21,0,Env12D0,40
2,170,2,69,0,Env12D1,40
2,75,2,32,0,Env13D0,40
1,125,2,52,0,Env13D1,40
2,145,2,32,0,Env14D0,40
2,405,2,84,0,Env14D1,40
3,51,2,25,0,Env15D0,40
3,135,2,59,0,Env15D1,40
2,0,0,1,0,Env1D0,41
2,0,0,1,0,Env1D1,41
2,21,1,14,0,Env2D0,41
2,91,1,37,0,Env2D1,41
2,19,1,19,0,Env3D0,41
2,34,1,30,0,Env3D1,41
2,2,1,9,0,Env4D0,41
2,2,1,9,0,Env4D1,41
2,13,1,12,0,Env5D0,41
2,17,1,19,0,Env5D1,41
2,8,1,14,0,Env6D0,41
2,3,1,10,0,Env6D1,41
1,21,1,14,0,Env7D0,41
1,7,1,14,0,Env7D1,41
1,35,1,17,0,Env8D0,41
1,8,1,15,0,Env8D1,41
2,95,2,57,0,Env9D0,41
2,157,2,85,0,Env9D1,41
2,117,2,31,0,Env10D0,41
2,259,2,35,0,Env10D1,41
2,62,2,41,0,Env11D0,41
1,95,2,93,0,Env11D1,41
2,74,2,19,0,Env12D0,41
2,174,2,68,0,Env12D1,41
3,76,2,37,0,Env13D0,41
1,125,2,43,0,Env13D1,41
2,141,2,27,0,Env14D0,41
2,320,2,54,0,Env14D1,41
3,50,2,24,0,Env15D0,41
3,146,2,62,0,Env15D1,41
2,0,0,1,0,Env1D0,42
2,0,0,1,0,Env1D1,42
2,43,1,16,0,Env2D0,42
2,42,1,28,0,Env2D1,42
2,2,1,10,0,Env3D0,42
2,45,1,28,0,Env3D1,42
2,2,1,9,0,Env4D0,42
2,2,1,9,0,Env4D1,42
2,6,1,12,0,Env5D0,42
2,8,1,14,0,Env5D1,42
2,2,1,10,0,Env6D0,42
2,11,1,15,0,Env6D1,42
1,43,1,16,0,Env7D0,42
1,74,1,43,0,Env7D1,42
1,92,1,20,0,Env8D0,42
1,149,1,37,0,Env8D1,42
2,94,2,55,0,Env9D0,42
2,164,2,88,0,Env9D1,42
2,106,2,31,0,Env10D0,42
2,238,2,35,0,Env10D1,42
2,79,2,63,0,Env11D0,42
1,106,2,102,0,Env11D1,42
2,83,2,25,0,Env12D0,42
2,172,2,65,0,Env12D1,42
2,80,2,43,0,Env13D0,42
1,137,2,61,0,Env13D1,42
2,166,2,37,0,Env14D0,42
2,380,2,79,0,Env14D1,42
3,49,2,22,0,Env15D0,42
3,145,2,62,0,Env15D1,42
2,0,0,1,0,Env1D0,43
2,0,0,1,0,Env1D1,43
2,30,1,13,0,Env2D0,43
2,12,1,26,0,Env2D1,43
2,10,1,17,0,Env3D0,43
2,70,1,39,0,Env3D1,43
2,4,1,10,0,Env4D0,43
2,3,1,10,0,Env4D1,43
2,7,1,12,0,Env5D0,43
2,11,1,14,0,Env5D1,43
2,6,1,14,0,Env6D0,43
2,8,1,14,0,Env6D1,43
1,30,1,13,0,Env7D0,43
1,3,1,9,0,Env7D1,43
1,81,1,19,0,Env8D0,43
1,191,1,38,0,Env8D1,43
2,94,2,56,0,Env9D0,43
2,152,2,85,0,Env9D1,43
2,144,2,31,0,Env10D0,43
2,232,2,35,0,Env10D1,43
2,75,2,62,0,Env11D0,43
1,81,2,74,0,Env11D1,43
2,81,2,24,0,Env12D0,43
2,199,2,73,0,Env12D1,43
3,77,2,38,0,Env13D0,43
1,144,2,83,0,Env13D1,43
2,168,2,37,0,Env14D0,43
2,337,2,76,0,Env14D1,43
3,54,2,25,0,Env15D0,43
3,141,2,62,0,Env15D1,43
2,0,0,1,0,Env1D0,44
2,0,0,1,0,Env1D1,44
2,24,1,15,0,Env2D0,44
2,105,1,37,0,Env2D1,44
2,5,1,15,0,Env3D0,44
2,4,1,14,0,Env3D1,44
2,3,1,10,0,Env4D0,44
2,1,1,8,0,Env4D1,44
2,13,1,12,0,Env5D0,44
2,10,1,16,0,Env5D1,44
2,5,1,13,0,Env6D0,44
2,3,1,13,0,Env6D1,44
1,24,1,15,0,Env7D0,44
1,51,1,30,0,Env7D1,44
1,19,1,16,0,Env8D0,44
1,112,1,35,0,Env8D1,44
2,94,2,56,0,Env9D0,44
2,130,2,59,0,Env9D1,44
2,128,2,31,0,Env10D0,44
2,145,2,26,0,Env10D1,44
2,68,2,55,0,Env11D0,44
2,105,2,98,0,Env11D1,44
2,73,2,17,0,Env12D0,44
2,174,2,69,0,Env12D1,44
3,83,2,49,0,Env13D0,44
1,139,2,67,0,Env13D1,44
2,154,2,37,0,Env14D0,44
2,366,2,87,0,Env14D1,44
3,46,2,18,0,Env15D0,44
3,148,2,62,0,Env15D1,44
2,0,0,1,0,Env1D0,45
2,0,0,1,0,Env1D1,45
2,33,1,14,0,Env2D0,45
2,25,1,23,0,Env2D1,45
2,2,1,10,0,Env3D0,45
2,21,1,24,0,Env3D1,45
2,4,1,10,0,Env4D0,45
2,1,1,8,0,Env4D1,45
2,6,1,10,0,Env5D0,45
2,29,1,19,0,Env5D1,45
2,7,1,13,0,Env6D0,45
2,5,1,15,0,Env6D1,45
1,33,1,14,0,Env7D0,45
1,61,1,33,0,Env7D1,45
1,43,1,18,0,Env8D0,45
1,76,1,24,0,Env8D1,45
2,88,2,55,0,Env9D0,45
2,150,2,84,0,Env9D1,45
2,144,2,31,0,Env10D0,45
2,273,2,35,0,Env10D1,45
1,78,2,61,0,Env11D0,45
1,82,2,72,0,Env11D1,45
2,86,2,25,0,Env12D0,45
2,193,2,73,0,Env12D1,45
3,82,2,46,0,Env13D0,45
1,142,2,67,0,Env13D1,45
2,163,2,37,0,Env14D0,45
2,483,2,95,0,Env14D1,45
3,52,2,25,0,Env15D0,45
3,122,2,43,0,Env15D1,45
2,0,0,1,0,Env1D0,46
2,0,0,1,0,Env1D1,46
2,45,1,15,0,Env2D0,46
2,99,1,42,0,Env2D1,46
2,17,1,20,0,Env3D0,46
2,55,1,36,0,Env3D1,46
2,3,1,10,0,Env4D0,46
2,1,1,8,0,Env4D1,46
2,5,1,10,0,Env5D0,46
2,5,1,15,0,Env5D1,46
2,2,1,11,0,Env6D0,46
2,2,1,10,0,Env6D1,46
1,45,1,15,0,Env7D0,46
1,72,1,39,0,Env7D1,46
1,5,1,13,0,Env8D0,46
1,23,1,23,0,Env8D1,46
2,95,2,57,0,Env9D0,46
2,148,2,82,0,Env9D1,46
2,84,2,31,0,Env10D0,46
2,213,2,35,0,Env10D1,46
1,83,2,63,0,Env11D0,46
2,79,2,70,0,Env11D1,46
2,76,2,22,0,Env12D0,46
2,201,2,73,0,Env12D1,46
2,82,2,48,0,Env13D0,46
1,148,2,78,0,Env13D1,46
2,159,2,36,0,Env14D0,46
2,460,2,96,0,Env14D1,46
3,51,2,24,0,Env15D0,46
3,132,2,57,0,Env15D1,46
2,0,0,1,0,Env1D0,47
2,0,0,1,0,Env1D1,47
2,11,1,14,0,Env2D0,47
2,101,1,39,0,Env2D1,47
2,29,1,22,0,Env3D0,47
2,94,1,45,0,Env3D1,47
2,4,1,10,0,Env4D0,47
2,5,1,11,0,Env4D1,47
2,12,1,12,0,Env5D0,47
2,18,1,15,0,Env5D1,47
2,8,1,14,0,Env6D0,47
2,2,1,10,0,Env6D1,47
1,11,1,14,0,Env7D0,47
1,8,1,14,0,Env7D1,47
1,106,1,20,0,Env8D0,47
1,2,1,7,0,Env8D1,47
2,74,2,36,0,Env9D0,47
2,142,2,76,0,Env9D1,47
2,132,2,31,0,Env10D0,47
2,237,2,35,0,Env10D1,47
2,76,2,61,0,Env11D0,47
2,83,2,77,0,Env11D1,47
2,77,2,21,0,Env12D0,47
2,153,2,46,0,Env12D1,47
2,81,2,45,0,Env13D0,47
1,128,2,45,0,Env13D1,47
2,150,2,36,0,Env14D0,47
2,373,2,85,0,Env14D1,47
3,47,2,19,0,Env15D0,47
3,131,2,54,0,Env15D1,47
2,0,0,1,0,Env1D0,48
2,0,0,1,0,Env1D1,48
2,37,1,14,0,Env2D0,48
2,44,1,16,0,Env2D1,48
2,19,1,24,0,Env3D0,48
2,49,1,28,0,Env3D1,48
2,2,1,9,0,Env4D0,48
2,1,1,8,0,Env4D1,48
2,3,1,10,0,Env5D0,48
2,27,1,29,0,Env5D1,48
2,6,1,13,0,Env6D0,48
2,10,1,14,0,Env6D1,48
1,37,1,14,0,Env7D0,48
1,24,1,24,0,Env7D1,48
1,35,1,18,0,Env8D0,48
1,196,1,38,0,Env8D1,48
2,76,2,41,0,Env9D0,48
2,148,2,83,0,Env9D1,48
2,95,2,31,0,Env10D0,48
2,164,2,35,0,Env10D1,48
1,65,2,46,0,Env11D0,48
2,80,2,69,0,Env11D1,48
2,87,2,25,0,Env12D0,48
2,169,2,69,0,Env12D1,48
2,78,2,35,0,Env13D0,48
1,127,2,47,0,Env13D1,48
2,153,2,35,0,Env14D0,48
2,334,2,67,0,Env14D1,48
3,48,2,23,0,Env15D0,48
3,146,2,60,0,Env15D1,48
2,0,0,1,0,Env1D0,49
2,0,0,1,0,Env1D1,49
2,31,1,15,0,Env2D0,49
2,70,1,34,0,Env2D1,49
2,50,1,24,0,Env3D0,49
2,50,1,28,0,Env3D1,49
2,2,1,9,0,Env4D0,49
2,3,1,10,0,Env4D1,49
2,8,1,12,0,Env5D0,49
2,6,1,15,0,Env5D1,49
2,4,1,12,0,Env6D0,49
2,13,1,14,0,Env6D1,49
1,31,1,15,0,Env7D0,49
1,59,1,41,0,Env7D1,49
1,42,1,18,0,Env8D0,49
1,156,1,36,0,Env8D1,49
2,79,2,48,0,Env9D0,49
2,160,2,88,0,Env9D1,49
2,115,2,31,0,Env10D0,49
2,196,2,35,0,Env10D1,49
2,62,2,40,0,Env11D0,49
2,104,2,100,0,Env11D1,49
2,80,2,23,0,Env12D0,49
2,152,2,43,0,Env12D1,49
3,80,2,43,0,Env13D0,49
1,123,2,42,0,Env13D1,49
2,163,2,37,0,Env14D0,49
2,436,2,93,0,Env14D1,49
3,54,2,25,0,Env15D0,49
3,140,2,58,0,Env15D1,49
